,date,1981,1982,1983,1984,1985,1986,1987,1988,1989,1990,1991,1992,1993,1994,1995,1996,1997,1998,1999,2000,2001,2002,2003,2004,2005,2006,2007,2008,2009,2010,2011,2012,2013,2014,2015,2016,2017,2018,2019,2020,2021,2022,2023,Min,10%,30%,70%,90%,Max,Median ('91-'20),Median (POR)
0,10-01,0.0,0.0,0.0,0.0,0.0,0.0,0.0,0.0,0.0,0.0,0.0,0.0,0.0,0.0,0.0,0.0,0.0,0.0,0.0,0.0,0.0,0.0,0.0,0.0,0.0,0.0,0.0,0.0,0.0,0.0,0.0,0.0,0.0,0.0,0.0,0.0,0.0,0.0,0.0,0.0,0.0,0.0,0.0,0.0,0.0,0.0,0.0,0.0,0.0,0.0,0.0
1,10-02,0.1,0.2,0.1,0.0,0.0,0.0,0.0,0.0,0.0,0.0,0.0,0.0,0.1,0.0,0.0,0.1,0.0,0.5,0.2,0.0,0.5,0.0,0.0,0.0,0.0,0.8,0.0,0.4,0.0,0.0,0.1,0.1,0.0,0.6,0.0,0.0,0.2,0.2,0.0,0.0,0.0,0.0,0.0,0.0,0.0,0.0,0.1,0.3,0.8,0.0,0.0
2,10-03,0.1,0.3,0.2,0.0,0.0,0.0,0.0,0.0,0.0,0.1,0.1,0.0,0.4,0.0,0.0,0.4,0.0,0.8,0.6,0.0,0.6,0.0,0.1,0.0,0.0,1.0,0.0,0.8,0.3,0.2,0.1,0.2,0.1,0.8,0.0,0.0,0.4,0.3,0.1,0.1,0.0,0.0,0.0,0.0,0.0,0.0,0.2,0.6,1.0,0.1,0.1
3,10-04,0.2,0.5,0.2,0.0,0.0,0.0,0.0,0.0,0.0,0.1,0.4,0.0,0.7,0.0,0.0,1.1,0.0,1.4,1.3,0.0,0.6,0.0,0.5,0.0,0.0,1.3,0.0,1.6,1.0,0.3,0.1,0.6,0.1,0.8,0.0,0.0,0.6,0.3,0.1,0.3,0.0,0.0,0.0,0.0,0.0,0.0,0.4,1.1,1.6,0.2,0.1
4,10-05,0.2,0.5,0.3,0.0,0.0,0.0,0.0,0.0,0.0,0.1,0.7,0.0,0.7,0.0,0.0,1.2,0.3,2.5,1.5,0.0,0.6,0.0,0.5,0.0,0.0,1.3,0.0,2.0,2.5,0.5,0.1,1.0,0.1,0.8,0.0,0.0,1.4,0.3,0.1,0.4,0.0,0.0,0.0,0.0,0.0,0.0,0.5,1.4,2.5,0.3,0.1
5,10-06,0.2,1.1,0.4,0.0,0.1,0.1,0.0,0.0,0.0,0.2,0.9,0.0,0.7,0.1,0.0,1.3,0.4,2.9,1.6,0.1,0.7,0.0,0.5,0.0,0.1,1.4,0.1,2.0,2.7,0.5,0.2,1.3,0.1,0.8,0.0,0.0,2.6,0.3,0.7,0.4,0.0,0.2,0.0,0.0,0.0,0.1,0.7,1.6,2.9,0.4,0.2
6,10-07,0.2,2.3,1.0,0.1,0.1,0.3,0.0,0.0,0.0,0.2,1.0,0.0,0.7,0.3,0.0,1.4,0.4,3.0,1.7,0.2,0.7,0.0,0.5,0.3,0.3,1.5,0.1,2.1,2.8,0.6,0.2,1.4,0.1,0.8,0.0,0.0,2.9,0.3,1.2,0.4,0.0,0.2,0.0,0.0,0.0,0.1,0.8,2.0,3.0,0.5,0.3
7,10-08,0.2,2.8,1.4,0.1,0.2,0.5,0.0,0.0,0.0,0.2,1.0,0.0,0.7,0.4,0.0,1.4,0.4,3.1,1.8,0.2,0.7,0.0,0.6,0.4,0.4,1.5,0.1,2.1,3.1,0.6,0.2,1.5,0.1,1.2,0.0,0.1,3.5,0.6,1.3,0.5,0.0,0.2,0.0,0.0,0.0,0.2,0.9,2.1,3.5,0.5,0.4
8,10-09,0.2,3.6,1.5,0.2,0.3,0.5,0.0,0.0,0.0,0.2,1.0,0.0,0.7,0.5,0.0,1.5,0.4,4.1,2.1,0.4,0.7,0.1,0.6,0.7,0.9,1.6,0.1,2.1,3.2,0.6,0.2,1.5,0.1,1.7,0.0,0.1,3.6,0.7,1.6,0.9,0.0,0.2,0.0,0.0,0.0,0.2,1.0,2.1,4.1,0.7,0.5
9,10-10,0.2,4.0,1.6,0.3,0.5,0.5,0.0,0.0,0.0,0.2,1.1,0.0,0.7,0.6,0.0,1.6,0.4,4.7,2.5,0.4,1.0,0.1,0.6,1.1,1.1,1.7,0.1,2.1,3.4,0.6,0.8,1.5,0.1,1.7,0.0,0.1,3.9,0.8,1.8,1.0,0.1,0.2,0.0,0.0,0.0,0.2,1.1,2.5,4.7,0.9,0.6
10,10-11,0.3,4.4,1.7,0.4,1.0,0.7,0.0,0.0,0.0,0.2,1.2,0.0,0.7,0.6,0.0,1.9,0.4,4.9,2.6,0.4,1.4,1.2,0.6,1.2,1.1,1.7,0.1,2.5,3.5,0.6,1.2,2.5,0.1,1.8,0.0,0.6,4.3,0.9,1.8,1.0,1.6,0.6,0.0,0.0,0.0,0.5,1.6,2.6,4.9,1.1,1.0
11,10-12,0.6,4.5,1.8,0.4,1.7,1.2,0.0,0.0,0.0,0.2,1.2,0.0,0.7,0.7,0.0,3.0,0.4,5.6,2.8,0.4,1.5,1.6,0.6,2.0,1.1,1.7,0.1,2.5,3.5,0.6,1.2,3.3,0.1,1.8,0.3,0.7,4.3,1.3,1.8,1.0,2.5,0.8,0.0,0.0,0.1,0.6,1.8,3.2,5.6,1.2,1.1
12,10-13,1.0,4.5,1.8,0.5,2.7,1.3,0.0,0.0,0.1,0.2,1.5,0.0,0.7,0.9,0.1,3.2,0.7,5.6,3.0,0.4,1.5,1.7,0.6,2.4,1.1,1.7,0.1,2.5,3.5,0.6,1.3,3.3,0.6,1.8,0.3,0.7,4.4,2.5,1.8,1.1,2.7,1.0,0.0,0.0,0.1,0.6,1.8,3.3,5.6,1.3,1.2
13,10-14,1.2,4.5,1.9,0.6,3.5,1.3,0.0,0.0,0.1,0.2,1.7,0.0,0.8,1.0,0.5,3.4,1.7,5.7,3.3,0.4,1.6,1.7,0.6,2.4,1.1,1.8,0.1,2.5,3.5,0.9,1.3,3.3,0.7,1.8,0.3,0.7,6.7,3.3,1.8,1.1,3.8,1.2,0.0,0.0,0.1,0.7,1.9,3.5,6.7,1.4,1.3
14,10-15,1.3,4.5,2.0,0.7,4.1,1.4,0.0,0.0,0.3,0.2,2.2,0.0,0.8,1.1,1.3,3.4,2.3,5.8,3.6,0.4,1.7,1.8,0.6,2.5,1.1,1.9,0.1,2.5,3.5,2.1,1.3,3.3,1.0,1.8,0.7,0.7,8.1,3.3,1.8,1.1,3.8,1.3,0.0,0.0,0.2,1.0,2.3,3.8,8.1,1.6,1.5
15,10-16,1.3,4.6,2.0,0.7,4.2,1.4,0.0,0.0,0.4,0.3,2.6,0.0,0.9,1.5,1.5,3.5,2.8,5.8,3.8,0.4,1.8,1.8,0.6,3.0,1.2,2.2,0.8,2.8,3.6,2.3,1.3,3.3,3.1,1.8,1.3,0.7,9.7,3.4,1.8,1.1,3.9,1.4,0.0,0.0,0.4,1.2,2.8,3.9,9.7,1.9,1.8
16,10-17,1.4,4.6,2.3,0.7,4.3,1.4,0.1,0.0,0.4,0.3,3.0,0.1,1.0,1.5,1.6,3.7,2.9,5.8,3.8,0.5,1.8,1.8,0.6,3.2,1.2,2.2,1.9,3.1,3.6,2.3,1.3,3.4,3.9,1.8,1.4,0.7,10.6,3.4,1.8,1.6,3.9,1.4,0.0,0.0,0.4,1.4,3.0,3.9,10.6,2.0,1.8
17,10-18,1.4,4.6,2.6,0.8,4.5,1.5,0.2,0.0,0.5,0.3,3.2,0.2,1.0,1.6,1.6,4.2,3.4,5.9,3.9,0.5,1.9,1.8,0.6,3.2,2.1,2.3,1.9,3.4,3.6,2.5,1.3,3.4,3.9,1.8,1.5,0.9,12.1,3.4,1.8,2.3,3.9,1.6,0.0,0.0,0.5,1.5,3.3,4.2,12.1,2.2,1.9
18,10-19,1.4,4.6,2.6,0.8,5.1,1.5,0.2,0.0,0.5,0.3,3.7,0.2,1.0,1.6,1.6,4.3,4.9,5.9,3.9,0.5,2.0,1.8,0.6,3.2,2.7,2.3,2.0,5.3,3.6,2.5,1.3,3.4,4.0,1.8,1.5,1.0,12.6,3.5,1.8,2.7,4.0,1.6,0.0,0.0,0.5,1.5,3.4,4.9,12.6,2.3,2.0
19,10-20,1.4,4.6,2.7,0.8,5.8,1.9,0.2,0.0,0.5,0.4,3.8,0.2,1.1,1.6,1.6,4.3,5.4,5.9,4.0,0.5,2.2,1.8,0.6,3.5,2.9,2.8,2.3,6.8,3.6,2.6,1.3,3.4,4.7,1.8,1.5,1.1,12.7,4.6,1.8,4.0,4.0,1.7,0.0,0.0,0.5,1.5,3.7,5.3,12.7,2.7,2.3
20,10-21,1.4,4.6,2.9,0.9,6.0,2.3,0.3,0.0,0.5,0.5,3.9,0.3,1.3,1.7,1.9,4.4,5.5,5.9,4.0,0.5,3.8,1.9,0.6,3.5,3.0,2.8,2.3,7.9,3.9,2.6,1.3,3.4,5.3,1.8,2.1,1.2,13.5,5.4,1.8,4.3,4.0,1.9,0.0,0.0,0.5,1.7,3.9,5.5,13.5,2.9,2.5
21,10-22,1.4,4.6,3.3,1.0,6.0,3.0,0.3,0.0,0.6,1.2,5.2,0.4,1.6,1.7,2.2,4.7,5.7,5.9,4.0,0.5,4.2,2.1,0.6,3.6,3.3,2.9,2.4,7.9,3.9,2.9,1.3,3.4,5.6,1.8,2.4,1.2,13.9,8.1,1.8,4.4,4.1,2.4,0.9,0.0,0.6,1.7,4.1,5.9,13.9,3.1,2.9
22,10-23,1.4,4.6,4.3,1.6,6.1,5.2,0.3,0.0,0.6,1.4,5.3,0.8,1.6,1.7,2.2,4.8,6.1,6.0,4.0,0.5,4.3,4.0,0.6,3.8,4.0,2.9,2.4,7.9,3.9,2.9,1.6,3.5,6.1,1.8,3.6,1.2,13.9,9.6,1.8,4.5,4.1,3.0,1.8,0.0,0.6,1.7,4.3,6.1,13.9,3.4,3.5
23,10-24,1.4,4.6,4.6,1.6,6.3,6.3,0.4,0.0,0.6,1.9,5.4,1.0,1.6,1.7,2.2,4.8,6.8,6.2,4.1,0.5,4.3,4.5,0.6,3.8,4.5,2.9,2.4,7.9,4.0,3.6,2.5,3.5,6.3,1.8,4.5,1.2,14.0,9.6,1.8,4.6,4.3,3.3,2.0,0.0,0.7,1.9,4.6,6.3,14.0,3.6,3.7
24,10-25,1.6,4.6,4.9,1.6,6.4,7.1,0.4,0.0,0.6,2.1,5.5,1.6,1.6,1.7,2.3,4.9,8.4,6.2,4.2,0.5,4.4,4.6,0.6,3.8,4.5,2.9,2.6,8.0,4.0,3.6,4.5,3.5,6.6,1.8,4.8,1.2,14.1,9.6,1.8,4.6,4.4,4.1,2.9,0.0,0.7,1.9,4.6,7.0,14.1,3.8,4.0
25,10-26,1.8,4.6,5.3,1.7,7.4,7.3,0.6,0.0,0.6,2.2,5.8,2.9,1.6,1.7,2.6,5.7,9.3,6.2,4.2,0.9,4.4,4.6,0.6,3.9,4.8,3.1,2.6,8.0,4.0,3.7,5.9,3.6,6.6,1.8,5.6,2.0,14.4,9.6,2.0,4.6,4.4,4.5,3.5,0.0,1.0,2.3,5.1,7.4,14.4,4.0,4.1
26,10-27,2.3,4.7,5.9,1.7,8.8,7.4,1.4,0.0,0.6,3.2,5.8,3.6,1.7,1.8,4.2,6.0,9.4,6.3,4.3,1.2,4.4,4.7,0.6,3.9,5.0,3.2,2.7,8.0,4.0,4.9,6.5,3.6,6.7,1.8,6.6,2.1,14.9,9.6,2.6,4.6,4.5,5.1,3.9,0.0,1.4,2.8,5.6,7.9,14.9,4.3,4.4
27,10-28,2.3,5.2,6.2,1.7,9.4,8.0,1.7,0.0,0.6,3.8,6.0,3.9,1.8,1.8,7.2,6.0,9.4,6.3,4.5,2.4,4.5,4.8,0.6,3.9,5.1,3.5,2.7,8.0,4.0,5.6,6.6,3.6,7.5,2.2,6.6,2.2,15.4,9.6,2.9,4.6,4.5,5.4,3.9,0.0,1.7,3.1,6.0,8.0,15.4,4.5,4.5
28,10-29,2.3,5.5,7.9,1.7,9.9,8.1,1.7,0.0,0.7,3.9,6.1,4.5,1.9,1.8,7.7,6.0,9.9,6.7,4.7,3.6,5.1,4.9,0.6,4.2,5.1,3.9,2.7,8.0,4.0,5.7,6.8,3.8,8.6,2.3,7.0,2.7,15.5,9.6,3.9,4.6,4.6,5.7,4.1,0.0,1.7,3.8,6.1,8.6,15.5,4.7,4.7
29,10-30,2.4,6.2,9.0,1.8,10.0,8.1,2.7,0.1,0.7,3.9,6.4,4.7,2.9,1.8,7.7,6.0,10.0,8.7,4.7,3.8,5.2,5.1,0.6,4.4,5.2,4.1,2.7,8.0,4.0,6.4,6.9,3.9,9.2,2.3,7.0,2.9,15.7,9.7,4.6,4.6,4.6,6.2,4.1,0.1,1.9,3.9,6.4,9.2,15.7,4.9,4.7
30,10-31,2.4,6.6,9.0,2.4,10.2,8.4,3.5,0.1,0.7,4.0,7.9,4.8,3.9,1.9,7.9,6.1,10.0,11.1,4.8,3.9,5.2,6.2,0.6,4.4,5.9,4.2,2.7,8.1,4.0,6.6,7.2,4.3,9.4,2.3,7.7,3.6,16.0,9.7,4.6,4.7,4.6,6.3,4.1,0.1,2.3,4.0,7.0,9.7,16.0,5.2,4.8
31,11-01,2.6,6.6,9.1,2.4,10.3,8.5,3.7,0.2,0.7,4.0,8.5,4.9,5.8,2.0,10.6,6.1,10.0,11.3,5.0,4.2,5.3,6.7,0.6,4.4,6.0,5.2,2.8,8.1,4.1,7.2,7.4,4.5,9.9,2.4,8.4,5.2,16.4,9.7,5.5,4.7,4.6,6.3,4.5,0.2,2.4,4.4,7.4,10.0,16.4,5.7,5.4
32,11-02,3.4,6.7,9.2,2.9,12.3,8.7,3.8,0.5,1.1,4.0,8.7,5.0,6.9,2.0,11.8,6.1,10.1,11.3,5.1,4.2,5.4,7.0,0.6,4.6,6.4,6.1,2.9,8.1,4.3,7.2,7.8,4.5,10.4,2.4,8.5,6.1,16.5,9.7,5.7,4.7,4.6,6.6,4.9,0.5,2.4,4.5,7.6,10.3,16.5,6.1,6.1
33,11-03,3.5,6.8,9.3,3.5,14.9,8.8,3.8,0.5,3.1,4.1,8.8,5.0,7.1,2.1,12.2,6.1,10.1,11.4,5.2,4.4,5.5,7.0,0.6,4.7,7.1,6.1,3.6,8.1,5.0,7.2,7.9,4.5,10.5,3.6,8.8,6.4,16.5,10.3,6.1,4.7,4.7,6.7,5.3,0.5,3.5,4.7,7.7,10.5,16.5,6.3,6.1
34,11-04,3.7,6.8,9.4,4.5,15.9,8.8,3.8,0.6,4.9,4.2,9.1,5.1,7.1,2.2,12.4,6.1,10.2,11.6,5.5,4.6,5.6,7.0,0.7,4.7,7.2,7.5,4.7,8.1,5.7,7.3,7.9,4.7,10.5,4.1,8.9,6.6,16.5,10.8,6.1,4.7,4.8,7.0,5.6,0.6,3.8,4.8,7.8,10.7,16.5,6.5,6.4
35,11-05,3.8,6.9,9.6,4.8,16.1,9.3,3.8,0.6,5.4,4.3,10.1,5.5,7.4,2.3,13.8,6.1,10.6,11.6,6.0,4.8,5.8,7.0,0.7,4.8,7.2,8.4,6.0,8.1,6.7,7.3,7.9,4.8,10.6,4.3,9.5,6.6,16.5,11.0,6.6,4.7,4.9,7.8,8.8,0.6,3.9,5.1,8.0,10.9,16.5,6.9,6.7
36,11-06,4.4,6.9,10.2,5.9,16.2,9.5,4.2,0.6,6.6,4.4,10.5,7.0,7.5,2.3,13.9,6.5,10.6,11.6,6.5,5.5,6.0,7.1,0.8,4.9,7.2,10.2,7.7,8.1,7.5,7.9,7.9,5.0,10.6,4.9,9.6,6.7,17.1,11.8,7.0,4.7,5.7,8.2,9.7,0.6,4.4,5.9,8.1,11.5,17.1,7.4,7.1
37,11-07,6.5,6.9,10.5,6.5,16.8,10.0,5.2,0.6,7.0,4.9,10.6,7.3,7.7,2.3,14.2,7.3,11.1,11.8,6.7,5.6,6.1,7.1,0.9,4.9,7.3,10.8,9.4,8.1,7.9,8.8,8.4,5.0,10.6,5.0,9.8,6.7,17.2,11.9,7.1,4.7,6.2,8.9,10.6,0.6,4.9,6.5,9.2,11.8,17.2,7.6,7.3
38,11-08,8.0,6.9,10.5,6.6,16.9,11.1,5.9,0.6,7.3,5.1,11.0,7.4,8.4,2.3,14.2,7.8,11.1,12.1,7.2,5.7,6.3,7.2,1.4,5.0,7.3,10.9,12.2,8.1,7.9,9.7,9.2,5.0,10.8,5.9,9.8,7.1,17.2,12.0,7.1,4.7,6.5,9.2,11.0,0.6,5.0,6.7,9.8,12.1,17.2,8.0,7.6
39,11-09,8.6,7.0,10.6,6.8,17.6,11.9,6.3,0.7,7.6,5.6,11.5,7.6,9.6,2.3,14.7,9.7,11.1,12.1,7.5,6.0,7.5,7.2,2.2,5.1,7.3,11.0,12.6,8.1,8.4,10.0,9.4,5.1,11.1,6.0,9.8,7.7,17.2,12.2,7.2,4.7,6.5,9.4,11.1,0.7,5.1,7.0,9.9,12.2,17.6,8.5,7.9
40,11-10,8.9,7.0,10.7,7.1,19.0,12.6,6.7,0.8,8.1,5.9,11.7,7.6,10.0,2.3,15.1,10.1,11.2,12.1,7.6,6.3,7.7,7.2,3.3,5.2,7.3,11.1,12.9,8.2,8.6,10.4,10.2,5.1,11.4,6.0,10.0,7.8,17.2,12.8,7.2,4.7,6.7,10.1,11.1,0.8,5.1,7.1,10.3,12.8,19.0,8.7,8.2
41,11-11,9.0,7.0,10.8,7.6,19.9,12.7,6.7,0.9,9.0,5.9,11.8,7.7,10.0,2.4,15.1,10.9,11.2,12.1,8.0,6.7,7.7,7.2,4.0,5.7,7.3,11.2,13.7,8.9,8.7,10.6,10.5,5.1,11.5,6.0,10.1,7.8,17.2,13.5,7.2,4.7,7.5,10.9,11.1,0.9,5.2,7.3,10.8,13.4,19.9,8.9,8.8
42,11-12,9.2,7.9,10.8,7.7,20.9,12.8,6.8,1.6,9.4,6.0,11.8,8.1,10.4,2.4,15.2,13.4,11.3,12.1,8.0,7.2,7.7,7.3,4.2,6.0,7.3,11.7,14.1,9.0,10.4,11.0,10.7,5.3,11.8,6.0,10.1,8.2,17.2,13.6,7.2,4.8,7.6,12.6,11.2,1.6,5.4,7.4,11.2,13.6,20.9,9.5,9.1
43,11-13,9.3,8.4,10.9,8.4,21.5,12.8,6.8,2.3,10.2,6.9,11.9,9.2,10.4,2.4,15.7,14.2,11.6,12.1,8.1,7.6,7.7,7.5,4.8,6.0,7.3,12.2,15.1,10.5,11.6,11.3,10.7,5.6,12.4,6.1,10.1,8.3,17.4,13.8,7.2,4.8,7.8,13.6,11.2,2.3,5.6,7.6,11.6,14.1,21.5,10.1,9.7
44,11-14,9.4,8.8,10.9,8.9,22.0,12.9,7.0,3.4,10.5,7.3,12.6,9.9,10.4,2.4,15.8,14.7,12.2,12.1,8.1,7.6,7.7,8.8,5.0,6.0,7.3,13.3,16.3,10.5,12.3,11.9,10.9,5.7,12.6,6.2,11.6,8.7,17.5,14.8,7.2,4.8,10.0,13.6,11.2,2.4,5.8,7.9,12.2,14.8,22.0,10.5,10.2
45,11-15,9.8,9.5,11.0,9.6,22.2,13.1,7.1,3.7,10.8,7.5,12.8,10.2,10.5,2.4,15.9,14.7,12.8,12.2,8.3,7.6,7.7,9.1,5.1,6.0,7.4,13.4,16.5,10.6,12.4,11.9,11.3,6.0,12.6,6.2,12.7,8.8,19.0,14.9,7.2,4.8,11.7,13.8,11.2,2.4,6.0,7.9,12.5,14.9,22.2,10.7,10.5
46,11-16,9.8,10.2,11.0,10.0,22.2,13.8,7.1,4.0,11.2,7.5,12.9,10.3,10.5,2.5,16.2,15.0,13.0,12.2,9.1,7.7,7.7,9.5,5.1,6.4,7.4,13.5,17.6,10.9,12.4,12.0,11.6,6.2,12.6,6.5,12.8,9.5,19.9,15.7,7.2,5.1,12.4,14.4,11.2,2.5,6.2,8.2,12.6,15.6,22.2,10.8,10.7
47,11-17,9.9,11.1,11.6,11.0,22.3,14.4,8.2,4.1,12.1,7.7,12.9,11.2,10.5,2.6,17.8,15.1,13.6,12.4,9.2,8.0,7.7,9.9,5.7,7.8,7.4,13.5,17.7,12.2,12.4,12.2,11.9,7.0,12.6,7.3,12.8,10.4,20.1,16.4,7.2,5.2,12.7,14.5,11.2,2.6,7.0,8.5,12.7,16.3,22.3,11.1,11.4
48,11-18,10.0,11.9,12.4,11.9,22.7,15.2,8.4,4.1,12.8,7.9,13.0,12.0,10.9,2.9,18.5,15.5,14.4,12.8,9.6,8.1,7.8,10.0,5.9,8.3,7.5,13.5,17.7,13.8,12.4,13.0,12.7,8.3,13.1,7.6,12.9,12.0,20.2,16.8,7.2,5.2,13.2,14.6,11.2,2.9,7.3,8.8,13.1,16.7,22.7,11.6,12.2
49,11-19,10.0,12.1,13.2,12.5,23.0,15.3,9.3,4.2,12.9,7.9,13.1,12.5,11.0,3.0,18.6,15.7,19.0,13.1,9.9,8.2,7.8,10.0,6.0,8.5,7.8,13.5,17.7,15.3,12.5,13.2,13.7,9.2,13.8,8.1,12.9,12.4,20.2,16.9,7.2,5.4,14.1,14.8,11.2,3.0,7.3,9.5,13.7,17.7,23.0,11.8,12.5
50,11-20,10.1,12.3,13.9,13.8,23.4,16.0,9.7,4.2,13.4,8.0,13.6,13.8,12.0,3.0,19.3,15.7,21.5,13.7,10.2,8.9,7.8,10.7,6.2,9.4,7.8,13.5,18.5,15.8,12.5,13.5,13.9,9.5,16.0,9.2,13.0,14.0,20.3,17.2,7.3,5.8,14.5,15.2,11.2,3.0,7.3,9.8,14.0,18.4,23.4,12.3,13.4
51,11-21,10.4,13.1,14.6,14.2,23.7,16.5,11.4,4.5,13.7,8.0,14.4,15.1,12.3,3.1,19.8,15.8,21.7,14.3,13.0,9.3,7.8,11.4,6.2,9.8,7.8,13.5,18.7,15.9,13.2,14.1,14.1,9.6,17.9,9.3,13.2,14.0,20.7,18.7,7.3,5.8,14.5,15.2,11.3,3.1,7.3,10.7,14.5,18.7,23.7,12.9,13.6
52,11-22,11.9,14.3,14.7,14.3,23.7,17.3,12.9,4.7,15.7,8.0,15.1,15.5,14.8,3.5,19.8,16.1,22.1,14.4,15.7,10.1,7.8,12.3,6.2,10.0,7.8,13.5,19.5,15.9,13.2,14.6,14.6,10.4,18.9,9.3,14.7,14.1,20.9,19.2,7.5,5.8,14.6,15.3,11.3,3.5,7.5,12.0,15.4,19.5,23.7,13.6,14.5
53,11-23,12.2,15.0,14.8,14.5,23.8,17.5,13.8,5.1,17.4,8.0,15.3,15.6,15.6,4.2,19.9,16.2,22.4,14.6,16.6,10.3,7.8,14.0,6.2,10.1,7.9,13.5,20.6,15.9,13.4,15.6,15.9,11.8,19.0,9.3,15.8,14.1,21.3,19.5,8.4,5.9,14.6,15.3,11.9,4.2,7.8,12.6,15.8,19.8,23.8,14.0,14.7
54,11-24,12.5,15.4,14.8,15.5,24.5,17.6,14.3,5.2,18.2,8.9,15.6,15.8,15.7,4.4,20.5,16.5,22.6,15.5,17.8,10.4,8.4,14.4,6.2,10.3,8.0,13.5,21.6,15.9,13.4,15.7,16.2,12.3,19.5,9.3,16.1,14.2,21.8,21.1,9.4,5.9,14.8,16.0,11.9,4.4,8.1,12.7,16.1,21.1,24.5,14.3,15.4
55,11-25,12.6,15.6,14.9,16.5,24.9,17.6,14.9,6.3,19.3,9.7,16.5,16.6,15.7,4.6,20.8,17.7,23.8,16.1,18.7,12.2,8.5,14.9,6.3,10.8,8.3,13.7,22.4,15.9,13.4,15.7,16.3,12.9,20.3,9.3,16.2,14.7,22.4,21.2,9.5,5.9,15.1,16.1,11.9,4.6,8.3,13.1,16.5,21.1,24.9,14.8,15.6
56,11-26,12.6,15.8,15.0,17.0,25.1,17.7,15.3,6.4,20.2,10.4,17.8,17.9,15.7,4.6,21.3,19.2,24.1,16.2,19.7,16.0,8.8,15.6,6.3,11.8,8.9,15.1,22.6,15.9,13.4,15.7,16.4,13.1,20.4,9.3,16.7,14.7,22.8,21.3,9.6,6.5,15.6,16.2,12.0,4.6,8.9,13.8,17.5,21.3,25.1,15.4,15.7
57,11-27,12.8,15.9,15.2,17.1,25.8,17.8,16.5,6.5,20.5,11.1,18.1,19.6,15.9,4.7,21.6,19.9,24.1,16.3,20.6,17.2,9.0,15.7,6.3,12.5,9.0,15.4,23.8,16.4,13.4,16.2,16.9,13.2,20.4,9.3,16.8,14.8,23.1,22.1,9.7,6.9,15.7,16.5,12.0,4.7,9.0,13.8,17.6,22.0,25.8,15.7,16.2
58,11-28,13.1,15.9,15.8,17.3,27.1,18.0,18.0,6.5,21.9,11.4,18.5,20.0,16.7,4.8,22.6,21.9,25.1,16.4,20.7,17.2,9.4,15.8,6.3,12.6,9.1,15.5,24.4,16.7,13.5,16.6,17.3,13.4,20.4,9.3,17.6,14.8,23.7,22.1,11.5,7.1,15.7,16.9,12.6,4.8,9.1,13.9,18.0,22.6,27.1,16.1,16.6
59,11-29,13.6,16.0,16.5,17.5,28.0,18.1,18.4,6.5,22.3,11.4,18.7,20.5,16.8,4.8,22.9,22.5,26.3,16.6,20.8,17.2,9.5,18.0,6.3,13.4,9.1,16.3,24.6,17.2,13.5,16.6,17.6,13.4,20.4,9.3,19.4,14.8,24.7,22.6,11.9,7.1,15.7,16.9,13.2,4.8,9.1,13.9,18.6,22.9,28.0,16.6,16.8
60,11-30,14.3,16.4,17.3,17.6,29.5,18.2,18.5,6.6,22.4,11.5,19.5,20.7,16.8,5.4,23.9,24.6,26.4,16.8,21.6,17.5,10.0,18.7,6.3,14.5,9.2,16.9,24.9,17.6,13.5,16.6,17.7,13.4,21.3,9.4,19.8,14.8,24.8,22.7,12.0,7.1,15.7,17.0,13.7,5.4,9.2,14.6,19.3,24.5,29.5,16.9,17.2
61,12-01,14.7,17.8,17.8,18.1,30.2,18.5,18.6,7.0,22.5,11.5,19.8,20.8,17.5,6.2,25.3,26.2,27.5,16.9,22.5,17.7,10.1,19.4,6.3,14.6,9.5,17.2,25.3,17.7,13.6,16.6,19.2,13.7,22.0,9.4,19.9,14.9,25.4,22.8,12.7,7.3,16.2,17.0,15.0,6.2,9.4,14.8,19.7,25.3,30.2,17.3,17.7
62,12-02,16.4,19.2,18.0,18.4,30.3,19.3,18.6,9.5,22.5,11.5,20.9,21.2,18.5,8.3,25.9,27.2,28.4,16.9,23.6,18.3,10.2,20.7,6.3,14.7,9.6,18.3,25.3,18.1,13.8,16.6,19.6,13.7,23.3,10.7,20.4,15.1,25.5,22.9,13.1,7.4,16.2,17.0,15.4,6.3,9.7,15.5,20.6,25.5,30.3,17.9,18.3
63,12-03,18.7,19.8,19.5,18.6,30.4,20.3,18.6,10.9,22.5,11.6,21.1,21.3,18.8,8.5,26.5,27.7,29.2,16.9,25.7,19.7,10.3,21.0,6.3,14.9,9.7,19.5,25.3,19.8,14.2,16.6,19.9,13.7,24.5,12.3,20.5,15.6,25.7,23.2,13.2,7.5,16.2,17.1,15.6,6.3,10.3,15.8,20.9,25.7,30.4,18.4,19.1
64,12-04,19.9,20.0,20.7,18.8,30.4,20.7,18.6,11.6,22.5,11.9,21.2,21.5,18.8,8.6,26.7,28.5,29.9,16.9,26.2,19.8,10.3,21.4,6.4,15.1,9.7,20.1,25.3,22.0,14.3,16.6,19.9,13.7,25.2,12.4,20.6,16.1,25.9,23.5,13.2,7.5,16.2,17.1,15.7,6.4,10.4,16.2,21.3,26.2,30.4,18.7,19.9
65,12-05,20.7,20.6,21.3,19.2,30.5,20.8,18.7,11.9,22.5,13.3,21.9,21.6,18.8,9.3,26.8,28.9,32.4,16.9,26.3,19.9,10.3,22.6,6.5,15.5,9.7,20.2,25.4,22.7,14.3,16.6,20.0,13.7,27.7,12.4,21.1,16.5,27.0,23.5,13.2,7.5,16.2,17.2,15.9,6.5,10.5,16.3,21.8,27.0,32.4,18.9,19.9
66,12-06,21.4,24.5,22.2,19.9,30.5,21.3,18.7,12.3,22.7,13.7,22.0,23.0,18.9,9.4,26.9,29.7,33.4,16.9,26.9,20.2,10.3,23.8,6.5,16.2,9.8,20.2,25.4,22.9,14.3,16.6,20.0,13.7,28.1,12.4,21.3,16.7,27.5,23.5,13.2,7.5,16.3,17.3,15.9,6.5,10.5,16.4,22.9,27.5,33.4,19.1,20.1
67,12-07,21.7,25.7,22.8,21.3,30.5,22.1,18.8,13.2,22.9,13.8,22.0,25.1,19.0,9.6,27.4,29.9,34.2,17.0,27.4,21.2,10.3,25.2,6.5,16.7,11.0,20.3,25.4,23.3,14.3,16.7,20.1,13.7,28.2,12.6,21.7,17.5,27.7,23.5,13.2,7.6,16.6,17.8,16.0,6.5,11.2,16.7,23.2,27.7,34.2,19.4,20.8
68,12-08,21.9,25.8,23.0,22.0,30.6,22.5,18.8,13.5,23.0,14.2,22.1,25.6,19.3,10.7,27.9,30.0,35.8,17.4,28.2,22.1,10.3,25.4,6.5,17.5,11.9,20.4,25.4,23.5,14.7,16.7,20.2,13.7,28.5,12.7,21.7,20.4,27.8,23.5,13.3,7.9,16.7,17.9,16.1,6.5,12.0,16.9,23.3,28.2,35.8,19.8,21.1
69,12-09,22.0,26.0,23.1,22.3,30.8,22.6,18.8,14.9,23.0,14.9,22.1,25.8,20.9,12.1,28.1,30.4,37.2,17.5,28.8,22.4,10.3,25.6,6.5,17.6,14.4,20.4,25.4,23.5,14.8,16.7,21.0,13.7,28.7,12.7,21.7,21.0,28.8,23.5,13.4,8.0,16.7,18.2,16.7,6.5,12.8,17.0,23.4,28.8,37.2,20.4,21.4
70,12-10,22.1,26.6,23.3,23.0,31.7,22.7,18.8,18.0,23.1,15.1,22.6,25.9,21.9,12.6,28.4,31.2,37.8,17.9,28.8,22.8,10.4,25.6,6.6,17.9,15.9,20.5,25.6,23.5,14.8,16.7,22.3,13.7,28.9,12.8,22.1,22.5,29.8,23.5,13.7,8.0,16.8,18.6,17.5,6.6,12.9,17.9,23.5,28.9,37.8,21.2,22.2
71,12-11,22.2,27.0,23.5,23.1,32.2,22.8,18.8,18.8,23.1,15.2,23.3,26.0,22.6,13.1,28.5,32.1,38.9,17.9,29.2,23.2,10.5,26.4,7.4,18.1,16.3,20.5,25.9,23.6,14.8,16.7,22.8,13.7,28.9,12.8,22.6,23.9,30.5,23.6,13.9,8.2,17.0,18.9,18.1,7.4,13.1,18.0,23.6,29.2,38.9,21.7,22.7
72,12-12,22.2,27.3,23.7,23.5,33.0,22.8,18.9,19.1,23.2,15.2,23.5,26.3,22.9,13.7,28.9,33.3,39.4,17.9,30.1,23.5,10.8,26.9,8.3,18.2,16.6,20.5,26.8,23.6,14.8,16.8,24.3,13.7,29.2,12.9,23.0,24.5,31.6,23.6,15.2,8.9,17.4,20.4,18.5,8.3,13.7,18.0,24.1,30.0,39.4,22.1,22.9
73,12-13,22.2,28.2,23.9,24.4,33.8,22.8,19.0,19.1,23.3,15.2,23.5,26.8,23.0,13.9,28.9,35.0,39.9,17.9,30.5,24.3,10.9,27.4,8.7,19.5,16.6,20.5,27.7,23.6,15.7,17.0,25.3,13.7,29.4,13.0,23.2,26.2,31.8,23.6,15.4,9.9,17.5,21.2,18.6,8.7,13.8,18.3,25.0,30.4,39.9,22.5,23.1
74,12-14,22.2,28.7,24.3,25.7,34.1,22.8,19.6,19.2,23.4,15.2,23.6,26.9,23.1,14.0,29.0,35.7,40.9,18.0,30.8,25.1,11.8,29.5,9.2,22.4,16.9,20.5,29.3,23.6,16.2,17.1,26.3,13.7,29.5,13.0,23.2,27.6,31.9,23.6,15.5,10.3,18.2,21.9,18.6,9.2,13.8,18.5,26.2,30.6,40.9,22.7,23.1
75,12-15,22.3,30.0,25.5,27.6,34.5,22.8,19.8,19.3,23.4,15.2,23.7,26.9,23.5,14.0,29.3,36.7,41.0,18.2,30.8,26.0,12.9,30.3,10.0,23.0,17.3,20.5,31.6,23.7,16.4,17.7,27.6,13.8,29.6,13.1,23.2,27.9,33.3,23.6,15.8,10.3,18.4,22.1,18.6,10.0,13.8,18.7,27.4,31.5,41.0,22.9,23.3
76,12-16,22.4,31.4,27.2,27.6,34.5,22.8,19.9,19.5,23.5,15.3,23.7,26.9,23.7,14.0,30.1,36.9,41.0,19.1,30.8,26.9,13.6,31.2,11.0,23.1,17.3,20.5,32.3,24.0,16.5,19.3,27.8,13.9,30.4,13.1,23.3,28.0,33.5,23.7,15.9,10.3,18.9,22.6,18.6,10.3,13.9,19.4,27.5,32.2,41.0,23.1,23.4
77,12-17,22.4,31.5,28.3,27.7,34.6,22.8,19.9,19.6,23.6,15.3,23.8,27.0,24.6,14.1,31.1,37.0,41.1,20.9,30.9,27.7,14.4,32.4,11.6,23.5,17.3,20.5,32.4,24.2,16.5,20.2,27.8,13.9,31.6,13.1,23.3,28.4,33.5,23.8,16.3,10.3,19.7,22.9,18.6,10.3,14.1,19.9,27.8,32.4,41.1,23.3,23.5
78,12-18,22.4,31.6,29.2,27.8,34.9,22.8,19.9,19.6,23.7,15.3,24.4,27.0,25.4,14.1,31.4,37.1,41.1,21.3,30.9,28.5,14.6,32.7,11.9,23.5,17.3,20.5,32.5,24.8,17.0,20.3,27.9,13.9,32.8,13.1,23.4,31.0,33.5,23.9,16.9,10.4,20.2,23.0,18.6,10.4,14.1,20.2,28.3,32.8,41.1,23.6,23.6
79,12-19,22.5,33.1,29.6,28.1,35.0,22.9,20.0,19.7,23.8,15.3,25.6,27.6,25.5,14.1,31.9,37.2,41.1,21.3,30.9,28.8,14.7,33.5,12.2,23.5,17.3,20.7,32.5,25.5,18.0,20.4,28.7,13.9,33.2,13.1,23.6,31.7,33.5,23.9,19.3,10.7,20.5,23.6,18.7,10.7,14.2,20.4,28.8,33.5,41.1,23.9,23.7
80,12-20,22.6,33.8,30.1,28.4,35.1,22.9,20.0,19.7,24.0,15.3,25.8,27.8,26.2,14.1,32.1,37.2,41.4,21.4,31.0,28.9,14.8,33.8,12.3,23.6,17.3,21.7,32.5,26.7,18.5,20.5,29.0,13.9,33.7,13.2,24.2,31.9,34.3,24.9,19.5,11.9,21.4,25.0,18.8,11.9,14.2,20.7,29.0,33.8,41.4,24.5,24.6
81,12-21,23.1,34.4,30.7,28.8,35.5,22.9,20.1,20.3,24.7,15.3,25.9,27.8,26.9,14.1,32.3,37.2,42.5,21.8,31.1,28.9,15.0,34.0,12.7,23.8,17.4,21.8,32.7,27.3,19.4,20.9,29.4,13.9,34.5,13.7,27.3,32.7,35.4,25.3,20.1,12.4,23.5,25.7,19.4,12.4,14.2,21.1,29.2,34.5,42.5,25.3,25.5
82,12-22,25.0,34.7,31.4,28.9,35.8,22.9,20.2,20.7,25.7,15.3,25.9,28.0,27.6,14.1,32.4,37.3,43.1,21.9,31.1,28.9,15.5,34.0,13.3,23.8,17.4,22.6,33.1,27.6,20.4,21.8,29.4,13.9,34.9,13.9,30.3,34.2,35.5,25.4,20.2,12.7,24.2,25.8,19.5,12.7,14.3,21.8,30.0,34.9,43.1,25.5,25.8
83,12-23,25.8,34.9,31.8,29.0,36.0,22.9,21.0,21.1,26.8,15.4,26.0,28.1,27.9,14.1,32.4,37.3,43.4,22.0,31.1,28.9,16.7,34.1,13.5,23.8,17.4,23.9,33.2,28.3,21.0,22.1,29.5,13.9,35.3,14.0,30.8,35.3,35.5,25.7,20.6,12.8,24.3,26.4,19.7,12.8,14.3,22.0,30.4,35.3,43.4,25.9,26.2
84,12-24,26.4,35.2,32.2,29.0,36.2,22.9,21.1,21.2,27.5,15.4,26.0,28.1,27.9,14.2,32.5,37.3,44.5,22.4,31.2,28.9,17.1,34.1,13.5,23.9,17.5,24.0,34.3,29.8,21.1,22.2,29.5,13.9,36.1,14.3,30.9,36.5,36.2,25.8,21.7,12.9,24.4,27.1,20.3,12.9,14.4,22.2,30.6,36.2,44.5,26.1,26.8
85,12-25,29.2,36.1,32.4,29.2,36.3,22.9,21.3,21.2,28.0,15.4,26.0,28.1,28.0,14.2,32.6,37.4,45.8,22.4,32.0,28.9,17.2,34.1,13.7,24.6,17.5,24.0,34.9,30.3,22.2,22.2,29.6,14.0,36.5,14.3,31.9,36.8,36.3,26.2,22.2,13.0,24.4,28.0,21.1,13.0,14.4,22.3,31.5,36.3,45.8,26.3,28.0
86,12-26,30.5,36.9,32.5,29.5,36.4,22.9,21.6,21.3,28.2,15.4,26.1,28.1,28.0,14.2,32.8,37.4,47.8,22.4,33.2,28.9,17.3,34.1,13.9,25.1,17.6,24.4,36.4,30.8,22.7,22.2,29.7,14.2,37.4,14.3,32.3,36.9,36.3,26.3,22.2,13.0,25.0,28.5,21.3,13.0,14.4,22.5,31.9,36.8,47.8,26.5,28.1
87,12-27,31.2,38.1,32.6,29.8,36.7,22.9,21.7,21.4,28.3,15.4,26.2,28.3,28.6,14.2,34.1,37.4,49.1,22.5,33.5,28.9,17.3,34.1,14.9,25.2,17.9,24.9,37.3,31.6,23.2,22.2,30.4,14.3,38.0,14.3,32.4,37.0,36.6,26.4,22.7,13.0,25.5,29.3,22.6,13.0,14.9,22.8,32.2,37.3,49.1,26.8,28.3
88,12-28,31.7,39.1,32.7,29.9,37.8,22.9,21.8,21.4,28.3,15.4,26.8,28.3,29.5,14.2,34.8,37.5,50.1,22.5,36.8,28.9,17.3,34.5,16.2,26.2,17.9,26.9,37.9,32.1,24.9,22.2,31.3,15.4,38.1,14.3,33.0,37.2,37.6,26.6,23.0,13.1,25.5,29.5,24.5,13.1,15.5,22.9,32.5,37.8,50.1,27.5,28.3
89,12-29,31.9,39.4,32.8,30.2,38.3,22.9,21.9,21.5,28.4,15.4,27.2,28.3,29.9,14.2,34.8,38.1,50.9,22.6,39.1,28.9,17.3,34.6,16.8,27.4,18.0,28.3,38.0,33.0,26.4,22.3,32.9,18.2,38.2,14.3,33.7,37.4,37.7,27.3,23.1,13.2,25.5,30.2,24.9,13.2,16.8,23.0,33.0,38.2,50.9,28.3,28.4
90,12-30,32.2,39.8,32.8,31.8,39.7,23.0,22.6,21.6,29.4,15.5,27.4,28.4,30.1,14.2,34.8,39.7,52.7,22.7,39.6,28.9,17.3,34.7,17.1,28.1,18.3,29.1,38.0,34.0,27.7,22.8,33.7,19.8,38.2,14.3,34.0,37.5,37.7,28.4,23.8,13.2,25.6,30.3,26.0,13.2,17.1,23.2,33.9,39.5,52.7,28.9,29.0
91,12-31,32.4,40.0,32.8,32.3,39.8,23.0,22.6,22.2,30.0,15.5,27.4,28.4,30.8,14.5,34.8,41.6,53.8,22.7,39.7,28.9,17.3,34.9,18.9,28.3,18.4,32.5,38.0,34.5,27.9,23.3,34.2,21.8,38.2,14.3,34.0,37.5,37.8,28.4,24.2,13.2,26.3,31.0,26.8,13.2,17.4,23.5,34.1,39.6,53.8,29.4,29.5
92,01-01,32.6,40.6,32.9,32.5,39.8,23.5,23.3,22.3,30.1,15.8,27.4,28.6,31.1,15.0,34.8,42.1,55.4,22.7,40.3,29.0,17.3,35.1,19.2,28.9,18.7,33.6,38.0,34.7,28.3,25.0,34.3,22.0,38.2,14.3,34.1,37.5,37.9,28.4,24.2,14.2,26.7,31.1,26.8,14.2,17.5,24.5,34.2,39.7,55.4,29.7,29.6
93,01-02,32.7,41.0,32.9,32.6,39.9,24.0,24.3,22.3,30.3,16.6,27.5,28.9,31.2,15.9,34.8,42.2,56.9,23.4,40.4,29.8,17.3,35.5,19.6,30.0,18.9,33.8,38.1,34.8,30.6,25.8,34.4,22.0,38.2,14.3,34.2,37.5,38.6,28.4,24.3,15.3,27.2,31.3,26.9,14.3,17.5,24.8,34.3,39.7,56.9,30.2,30.5
94,01-03,32.7,42.1,33.4,33.1,39.9,24.7,24.7,22.4,30.6,16.9,27.5,29.0,31.3,17.4,34.8,42.4,58.1,23.7,40.4,30.7,17.3,35.7,20.8,30.5,18.9,34.0,38.8,35.0,31.6,26.0,34.4,22.1,38.2,14.3,34.2,37.5,38.7,28.5,24.3,15.4,28.4,31.6,27.0,14.3,17.6,25.1,34.4,39.8,58.1,30.4,31.0
95,01-04,32.7,44.4,34.8,33.9,39.9,24.9,25.2,22.5,30.7,16.9,27.5,29.3,31.9,18.0,34.8,42.9,58.9,24.3,40.4,31.3,17.4,35.9,21.1,31.0,18.9,34.4,41.0,35.2,31.7,26.0,34.4,22.2,38.3,14.5,34.3,37.8,38.8,28.5,24.5,15.5,29.1,33.3,27.2,14.5,18.1,25.4,34.7,40.4,58.9,30.7,31.5
96,01-05,32.7,45.0,35.4,34.0,39.9,25.2,25.3,22.6,30.9,17.5,27.5,29.6,32.5,19.4,34.8,43.1,59.3,24.6,40.4,32.4,17.4,35.9,22.1,31.4,18.9,34.4,41.6,35.8,32.2,26.5,34.5,22.3,38.4,14.5,34.5,37.9,38.9,28.6,24.5,16.0,29.9,34.9,27.4,14.5,19.0,25.6,34.9,40.4,59.3,31.2,32.3
97,01-06,32.7,45.2,36.5,34.1,40.0,26.0,25.3,22.7,31.4,18.3,27.5,29.8,32.7,20.7,35.0,43.6,59.5,24.9,40.5,32.7,17.5,36.4,22.1,31.4,19.1,34.4,42.0,36.5,33.3,27.6,34.5,22.5,38.4,14.5,34.7,38.0,38.9,28.9,24.7,16.5,30.3,36.4,27.7,14.5,19.2,26.4,36.0,40.5,59.5,31.5,32.7
98,01-07,32.7,45.3,37.9,34.1,40.0,26.1,25.3,22.8,31.9,20.2,27.7,30.0,32.8,21.0,35.2,43.8,60.1,25.6,40.6,32.9,17.5,37.3,22.1,32.1,19.2,34.7,42.8,37.0,34.0,28.1,34.5,22.6,38.5,14.5,34.7,38.0,39.0,28.9,25.4,17.4,30.6,37.4,27.8,14.5,20.3,26.5,36.5,40.5,60.1,31.8,32.7
99,01-08,32.7,45.3,38.4,34.3,40.0,26.2,25.4,22.9,32.1,22.7,28.1,30.1,33.1,21.2,35.3,44.9,60.2,26.2,40.6,33.1,17.5,38.3,22.1,32.9,19.5,35.7,43.6,37.5,34.6,28.1,34.6,22.7,39.0,14.9,34.7,38.0,39.7,29.0,25.6,17.9,30.7,38.2,28.0,14.9,21.3,26.7,36.9,40.6,60.2,32.2,33.0
100,01-09,32.8,45.4,38.9,34.3,40.1,26.7,25.4,23.7,33.2,23.8,28.2,30.1,33.4,21.7,35.9,45.1,60.3,26.2,40.7,33.8,17.6,38.9,22.1,33.5,19.9,36.1,43.8,39.0,35.7,28.4,34.7,22.7,39.3,15.8,34.7,38.1,40.7,29.1,25.9,18.6,31.1,38.3,28.3,15.8,21.7,27.2,37.5,40.7,60.3,32.5,33.5
101,01-10,32.8,45.5,39.0,34.3,40.1,26.9,25.5,26.0,35.6,24.7,28.6,30.3,33.5,22.3,36.7,45.9,60.4,26.3,40.7,35.0,17.8,38.9,22.1,33.8,20.2,37.4,44.1,39.6,35.7,28.5,34.9,22.7,39.9,16.5,34.7,38.2,41.5,29.6,26.2,18.8,31.2,38.4,28.6,16.5,22.1,27.4,38.0,41.4,60.4,32.8,34.1
102,01-11,32.8,45.6,39.1,35.0,40.2,27.2,25.5,27.7,36.3,25.0,29.3,30.9,33.5,22.6,37.1,46.0,60.5,27.3,40.7,37.0,17.9,38.9,22.1,33.8,20.2,40.2,44.5,41.0,35.8,28.5,35.0,22.7,40.2,16.6,34.7,38.2,42.5,29.8,26.3,19.9,31.2,38.4,28.7,16.6,22.2,28.0,38.4,42.3,60.5,33.2,34.2
103,01-12,32.8,45.6,39.1,35.2,40.2,27.2,25.5,28.3,36.8,25.1,30.4,31.2,33.6,22.9,37.6,46.0,60.6,28.8,41.1,38.2,17.9,39.0,22.4,33.9,20.4,41.2,44.8,41.5,35.8,28.6,35.1,22.7,40.2,18.0,34.8,38.5,42.7,31.3,26.3,21.1,31.7,38.5,29.1,17.9,22.4,28.7,38.5,42.6,60.6,33.6,34.3
104,01-13,32.8,45.8,39.2,35.2,40.2,27.3,26.2,28.6,37.0,25.2,31.3,31.3,33.6,23.0,38.3,46.1,60.6,29.6,41.3,39.0,18.0,39.4,23.2,33.9,20.6,41.9,44.9,42.4,35.8,29.1,35.9,22.8,40.2,18.9,35.0,39.2,42.7,31.4,26.3,22.6,34.3,38.5,29.3,18.0,22.8,29.2,39.1,42.7,60.6,33.9,34.6
105,01-14,32.8,45.9,39.4,35.3,40.3,27.3,26.8,29.7,37.9,25.4,31.8,31.3,33.7,23.1,40.8,46.1,60.6,30.6,41.3,40.5,18.8,39.5,23.4,33.9,20.7,42.7,44.9,42.4,35.8,29.6,37.3,22.8,40.3,19.1,35.0,39.8,42.7,31.4,26.3,23.5,35.0,38.9,29.5,18.8,23.1,30.0,39.7,42.7,60.6,34.3,35.0
106,01-15,32.8,46.1,39.5,35.5,40.4,27.4,27.0,31.0,38.5,25.5,33.3,31.4,34.0,23.1,41.6,46.7,60.6,32.0,43.5,41.7,19.1,39.5,23.5,34.3,20.7,43.3,44.9,42.9,35.8,29.6,37.5,22.9,40.3,19.1,35.0,40.2,42.7,31.4,26.3,24.0,35.0,38.9,29.7,19.1,23.1,31.1,40.0,43.5,60.6,34.7,35.0
107,01-16,33.2,46.4,39.6,35.5,40.4,28.1,27.1,31.6,39.1,25.6,33.6,31.5,34.0,23.1,42.4,47.9,60.6,32.4,44.3,41.9,19.2,39.5,23.5,34.4,21.2,43.7,44.9,43.0,35.8,30.1,38.9,23.4,40.4,19.1,35.5,40.4,42.7,31.4,26.3,24.5,35.1,38.9,30.2,19.1,23.5,31.4,40.1,44.2,60.6,35.0,35.3
108,01-17,33.3,47.5,39.8,35.5,40.4,29.5,27.1,31.9,39.7,25.7,33.7,31.7,34.1,23.1,42.5,48.6,61.1,34.0,45.0,42.3,19.2,39.9,23.5,34.5,21.3,44.7,45.1,43.1,35.9,30.4,41.7,23.8,40.4,19.1,36.0,41.4,42.7,31.6,26.6,24.8,35.1,38.9,30.2,19.1,23.6,31.7,40.4,45.0,61.1,35.3,35.3
109,01-18,33.3,48.1,39.9,35.5,40.5,29.9,27.1,32.0,40.0,25.8,33.8,31.8,34.1,23.2,43.1,48.9,61.7,34.5,46.6,42.4,19.2,40.0,23.5,34.5,22.2,46.3,45.1,43.1,35.9,31.0,41.9,25.1,40.4,19.1,37.9,42.3,43.4,32.0,26.9,25.2,35.1,38.9,30.3,19.1,23.7,31.8,40.4,46.2,61.7,35.8,35.3
110,01-19,33.3,48.4,40.2,35.5,40.5,30.3,27.2,32.2,40.1,25.8,33.9,31.8,34.2,23.2,43.6,49.7,61.7,34.8,47.4,42.5,19.2,40.1,23.5,34.8,22.8,46.7,45.1,43.1,35.9,31.1,42.7,28.2,40.4,19.1,38.5,42.5,44.5,32.8,28.4,25.7,35.1,39.0,30.6,19.1,23.8,31.9,40.4,46.6,61.7,36.1,35.3
111,01-20,33.4,48.5,40.5,35.6,40.5,30.7,27.2,32.2,40.2,25.9,34.0,31.8,35.4,23.2,43.7,51.0,61.8,35.2,48.1,42.6,19.4,40.9,23.6,35.1,22.8,47.0,45.2,43.3,35.9,31.1,42.7,30.9,40.4,19.1,38.6,43.7,44.7,33.1,29.5,25.7,35.1,39.1,30.6,19.1,23.8,32.0,40.8,46.8,61.8,36.4,35.5
112,01-21,33.5,48.8,40.7,35.7,40.5,31.0,27.2,32.4,40.2,26.1,34.0,31.9,36.7,23.2,43.7,52.5,62.1,35.3,49.1,42.8,19.5,42.6,23.6,35.1,22.8,48.1,45.3,43.6,35.9,31.2,42.8,31.8,40.4,19.1,38.6,44.0,45.0,33.4,30.1,25.8,35.1,39.5,30.7,19.1,23.8,32.0,42.1,47.8,62.1,36.6,35.8
113,01-22,33.6,49.2,40.8,36.0,40.6,31.2,27.2,32.4,40.9,26.2,34.0,31.9,37.5,23.2,43.7,53.5,62.4,35.8,50.2,42.9,19.7,44.0,23.6,35.1,22.8,48.2,45.3,43.6,35.9,31.2,43.1,32.7,40.4,19.1,38.7,44.2,45.4,33.9,30.1,26.3,35.2,39.5,31.0,19.1,23.9,32.5,42.3,47.9,62.4,36.9,35.9
114,01-23,33.7,50.8,41.3,36.4,40.6,32.3,27.3,32.5,41.0,26.9,34.0,32.0,37.9,23.3,43.7,54.1,62.6,36.5,51.3,43.1,19.7,45.0,24.3,35.2,22.8,48.2,45.3,43.6,35.9,31.6,43.1,33.2,40.4,19.1,38.7,44.4,45.6,34.0,30.5,27.0,35.2,39.5,31.0,19.1,24.6,32.7,42.5,48.0,62.6,37.0,36.4
115,01-24,34.0,51.8,41.8,37.8,40.6,32.9,27.8,32.6,41.1,27.5,34.0,32.3,38.5,23.4,43.7,55.3,62.8,36.8,51.8,43.3,19.8,45.5,24.5,36.5,22.8,48.2,45.3,43.6,35.9,31.7,43.1,33.3,40.6,19.1,38.7,44.9,45.6,34.8,30.8,27.8,35.3,39.5,31.1,19.1,24.8,33.0,42.7,48.0,62.8,37.3,37.3
116,01-25,34.2,52.4,41.9,38.7,40.6,32.9,29.1,32.6,41.2,27.6,34.1,32.5,39.1,23.6,43.7,56.5,63.0,37.6,51.9,43.7,20.1,46.3,25.3,37.2,22.8,48.2,45.3,43.6,36.1,32.5,43.1,35.3,40.7,19.1,38.7,45.1,45.7,35.6,30.8,28.1,35.6,39.5,31.1,19.1,25.5,33.3,42.8,48.1,63.0,37.9,38.1
117,01-26,34.6,53.0,42.4,39.2,40.6,33.0,30.5,32.7,41.2,28.2,34.1,33.0,39.2,23.8,43.7,57.3,63.4,37.9,51.9,44.0,20.2,47.9,25.7,37.6,22.9,48.4,45.3,43.7,36.3,32.8,43.1,35.7,41.4,19.1,38.7,45.1,45.7,36.2,30.8,28.7,35.7,39.5,31.1,19.1,26.0,33.3,42.9,48.4,63.4,38.2,38.3
118,01-27,35.1,53.5,42.7,39.3,40.6,33.1,30.8,32.8,41.3,28.9,34.1,33.2,39.2,23.8,43.9,57.9,63.6,38.2,52.0,44.1,20.2,48.6,27.0,37.9,23.0,48.9,45.3,44.4,36.4,32.9,43.1,36.5,41.7,19.1,38.7,45.2,45.7,36.7,30.8,29.3,36.2,39.5,31.1,19.1,27.2,33.4,43.0,48.8,63.6,38.4,38.5
119,01-28,35.6,53.8,43.0,39.3,40.6,33.2,31.4,32.9,41.3,29.7,34.1,34.4,39.2,23.8,44.1,59.1,64.1,38.4,52.1,44.1,20.2,49.0,27.2,38.7,23.1,49.5,45.3,45.1,36.8,32.9,43.1,36.5,42.2,19.2,38.7,45.2,45.7,37.5,30.8,30.2,36.4,39.5,31.4,19.2,27.4,34.2,43.1,49.5,64.1,38.7,38.7
120,01-29,35.9,53.9,43.0,39.3,40.7,33.3,31.7,33.1,41.3,31.3,34.1,35.0,39.5,23.8,45.0,60.1,64.4,38.4,52.7,44.1,20.2,49.2,27.2,40.2,23.2,50.7,45.3,45.7,36.9,33.0,43.1,36.6,43.3,20.0,38.7,46.3,45.7,37.6,30.8,31.2,36.5,39.5,31.5,20.0,27.6,34.4,43.3,50.6,64.4,39.2,39.0
121,01-30,36.0,54.0,43.1,39.3,40.8,33.8,31.9,33.8,41.3,32.2,34.2,35.1,39.5,23.8,45.4,60.6,64.4,38.8,53.0,44.1,20.9,49.3,28.5,41.2,23.4,51.8,45.3,47.0,36.9,33.1,43.2,37.3,44.1,21.4,38.7,47.3,45.8,38.0,30.8,31.7,36.6,39.5,31.5,20.9,28.8,34.5,43.8,51.6,64.4,39.5,39.1
122,01-31,36.0,54.2,43.3,39.3,40.8,33.9,32.3,34.0,41.6,33.1,34.5,35.3,39.6,23.8,46.7,60.6,65.9,38.9,53.0,44.2,20.9,49.4,30.6,42.2,23.4,52.9,45.3,48.0,36.9,33.3,43.2,37.4,44.4,21.6,38.7,47.9,45.8,38.3,30.8,31.9,36.8,39.9,31.5,20.9,30.7,34.7,43.9,52.6,65.9,39.7,39.1
123,02-01,36.0,54.2,43.5,39.3,41.0,34.1,33.9,34.2,42.2,34.0,34.7,35.5,39.6,23.8,48.5,60.6,68.3,38.9,53.3,44.9,21.0,49.7,31.7,42.7,23.4,54.2,45.4,49.5,36.9,33.3,43.2,37.4,44.5,21.8,38.7,47.9,45.9,38.3,30.8,32.0,37.1,40.2,31.4,21.0,30.9,34.9,44.2,52.9,68.3,39.9,39.1
124,02-02,36.0,54.3,43.6,39.3,41.6,34.3,35.3,34.2,42.8,34.8,34.9,35.6,39.6,23.8,49.8,60.6,68.5,39.1,53.5,46.3,21.0,50.1,32.1,43.1,23.5,54.8,45.4,50.5,36.9,33.7,43.3,37.8,44.5,21.8,39.0,48.0,45.9,38.5,31.0,32.7,37.4,40.3,31.6,21.0,31.1,35.4,44.2,53.2,68.5,40.2,39.2
125,02-03,36.1,54.4,43.7,39.4,41.9,34.7,35.6,34.5,43.1,35.1,35.6,35.6,39.7,23.8,50.0,60.6,68.7,39.2,54.5,46.5,21.4,50.1,32.3,43.4,23.5,55.7,45.4,51.5,36.9,33.7,43.3,37.8,44.5,22.0,39.7,48.0,46.0,38.7,31.2,32.8,38.2,40.4,31.7,21.4,31.3,35.6,44.2,54.1,68.7,40.4,39.5
126,02-04,36.1,54.7,43.7,39.4,42.0,35.0,35.7,34.5,43.2,35.7,36.0,35.7,39.7,23.8,50.0,61.1,68.7,39.3,54.9,46.5,21.8,50.3,32.3,43.7,23.5,56.0,45.4,51.9,37.0,34.0,43.3,37.8,44.5,22.3,40.4,48.4,46.6,38.8,31.6,32.8,38.7,40.4,31.9,21.8,31.7,35.8,44.3,54.4,68.7,40.5,39.5
127,02-05,36.2,54.8,43.8,39.4,42.1,35.5,35.7,34.6,43.3,35.9,37.1,35.7,39.7,23.9,50.0,61.3,68.8,39.4,55.4,46.6,22.1,50.4,32.3,43.8,23.8,56.9,45.4,52.1,37.0,34.3,43.4,37.8,44.5,22.4,40.4,49.0,47.8,38.8,31.9,33.1,38.8,40.4,32.0,22.1,31.9,36.0,44.3,54.5,68.8,40.6,39.6
128,02-06,36.3,54.8,44.0,39.4,42.3,35.8,35.7,34.6,43.3,36.9,37.3,35.7,39.8,23.9,50.0,62.9,68.8,39.7,55.9,46.8,22.3,50.5,32.4,43.8,23.9,57.2,45.4,52.7,37.0,34.4,43.7,37.8,44.9,22.4,40.8,49.2,48.7,38.8,32.0,34.0,38.9,40.5,32.6,22.3,32.1,36.5,44.6,54.6,68.8,40.7,39.7
129,02-07,36.3,54.8,44.7,39.5,42.9,35.9,35.7,34.7,43.3,37.7,37.3,35.7,39.8,23.9,50.1,66.0,69.0,39.9,57.8,46.9,22.4,50.8,32.4,44.4,24.3,57.2,45.4,53.6,37.2,34.5,43.8,37.8,45.0,23.0,42.0,49.2,49.4,38.8,32.1,34.6,39.0,40.5,32.7,22.4,32.1,36.5,44.9,54.7,69.0,41.0,39.9
130,02-08,36.3,54.9,45.1,39.5,44.3,35.9,35.7,35.0,43.3,38.6,37.3,35.7,39.9,24.0,50.1,68.3,69.2,39.9,58.8,46.9,22.4,52.0,32.4,44.6,24.3,57.2,45.5,54.6,37.2,34.6,44.3,37.9,45.2,24.2,43.2,49.2,50.1,38.8,32.1,34.9,39.1,40.5,33.3,22.4,32.1,36.6,45.2,54.9,69.2,41.2,39.9
131,02-09,36.3,54.9,46.3,39.7,45.2,36.0,35.7,36.0,43.4,39.6,37.4,35.8,40.0,24.1,50.1,70.1,69.2,40.3,59.4,47.2,22.6,52.6,32.4,44.7,24.3,57.2,45.6,55.0,37.4,34.6,44.4,38.4,45.3,25.3,43.3,49.2,51.3,38.8,32.5,35.5,39.1,40.5,33.3,22.6,32.4,36.6,45.5,55.0,70.1,41.4,40.1
132,02-10,36.5,55.1,47.3,40.2,45.9,36.0,35.7,37.0,43.4,40.8,37.4,35.9,40.1,24.5,50.1,70.6,69.3,40.4,59.9,47.3,22.6,52.7,32.4,44.7,24.4,57.2,45.8,55.1,37.5,34.6,44.5,38.5,45.3,25.6,44.3,49.2,52.6,38.8,33.1,35.5,39.2,40.5,33.4,22.6,32.5,37.1,45.9,55.1,70.6,41.7,40.4
133,02-11,36.7,55.2,48.0,40.5,46.3,36.1,35.8,37.2,43.4,41.0,37.4,35.9,40.1,24.8,50.2,70.6,69.3,40.7,60.3,47.5,22.8,52.8,32.4,44.7,24.4,57.2,46.1,55.2,37.9,34.8,44.5,38.8,45.3,25.9,44.3,49.3,53.1,38.8,33.6,35.5,39.2,40.5,33.4,22.8,32.5,37.2,46.3,55.2,70.6,41.9,40.6
134,02-12,37.1,55.4,48.2,41.3,47.5,36.6,35.9,37.2,43.4,41.4,37.6,35.9,40.2,24.9,50.6,70.7,69.8,41.1,60.4,47.8,22.9,52.9,32.4,44.7,24.4,57.2,46.5,55.2,38.0,35.3,44.5,38.9,45.3,26.8,44.3,49.4,53.1,38.8,34.7,35.6,39.5,40.5,33.4,22.9,32.6,37.3,47.2,55.4,70.7,42.0,41.2
135,02-13,37.2,55.8,48.6,44.2,47.8,37.5,36.6,37.6,43.5,42.1,38.7,36.0,40.3,25.0,51.5,70.7,70.5,41.8,60.5,48.1,22.9,52.9,32.5,44.7,24.8,57.2,46.5,55.3,38.1,35.7,44.7,39.0,45.4,29.0,44.4,49.7,53.1,38.8,35.6,35.6,40.3,40.5,33.4,22.9,32.8,37.8,47.4,55.7,70.7,42.2,41.9
136,02-14,38.3,57.7,48.8,45.4,47.9,38.1,37.3,37.7,43.5,42.4,39.1,36.1,40.4,25.6,52.0,70.7,70.7,42.0,60.6,48.6,23.0,52.9,32.6,44.8,25.1,57.3,46.6,55.5,38.3,35.8,44.9,39.0,45.5,29.5,44.4,50.3,53.1,38.9,35.9,35.7,41.6,40.5,34.2,23.0,32.9,38.3,47.5,57.1,70.7,42.3,42.2
137,02-15,38.9,58.7,49.1,45.9,48.0,38.5,37.6,38.0,43.5,42.5,39.2,36.4,40.4,25.7,52.2,70.7,71.0,42.6,60.7,49.7,23.0,53.0,32.6,45.1,25.1,57.4,47.1,55.5,38.4,36.1,45.7,39.4,45.5,31.7,44.4,51.4,53.2,39.4,36.4,35.9,42.2,41.0,34.6,23.0,32.9,38.6,47.8,57.2,71.0,42.7,42.5
138,02-16,40.7,59.7,49.5,46.3,48.1,39.5,38.1,38.4,43.6,43.8,39.5,36.5,40.5,25.8,52.5,70.7,71.0,42.8,60.9,50.0,23.1,53.0,33.0,45.4,25.1,57.4,49.0,55.5,38.5,36.2,47.2,39.5,45.5,32.9,44.4,51.4,54.0,39.4,36.7,36.6,43.5,41.0,34.6,23.1,33.4,39.5,48.8,57.3,71.0,42.9,43.5
139,02-17,42.0,60.9,50.1,46.5,48.1,41.3,38.5,38.4,44.4,44.2,39.8,36.7,40.6,26.0,52.8,71.0,71.2,42.9,61.9,50.0,23.1,53.0,33.8,46.3,25.1,57.5,49.7,55.5,38.6,36.3,47.7,39.5,45.6,33.3,44.4,51.4,55.0,39.7,37.4,37.1,44.1,41.1,34.6,23.1,34.0,39.6,49.2,57.3,71.2,43.1,44.1
140,02-18,43.1,61.6,51.9,46.5,48.1,42.6,39.1,38.7,45.1,44.2,40.1,37.0,40.6,26.5,54.7,71.5,71.6,43.0,62.5,50.1,23.2,53.0,34.6,47.3,25.2,57.5,49.8,55.5,38.6,36.3,47.9,40.0,45.6,34.5,44.4,51.8,55.1,40.4,37.5,37.1,44.3,41.1,34.7,23.2,34.8,40.0,49.3,57.3,71.6,43.4,44.3
141,02-19,44.7,63.3,52.5,46.6,48.2,43.4,39.1,38.8,45.6,44.3,40.6,37.9,40.8,26.8,55.1,72.4,72.1,43.4,64.0,50.1,23.3,53.2,34.8,47.8,25.2,57.5,50.3,55.6,38.7,36.4,48.0,40.6,45.7,35.8,44.4,52.6,55.4,41.1,37.5,37.1,45.2,41.1,34.7,23.3,35.9,40.6,49.5,57.4,72.4,43.7,44.6
142,02-20,45.5,64.2,52.8,46.8,48.8,43.7,39.2,38.8,45.9,44.4,40.9,38.7,41.3,26.9,55.6,72.7,73.2,43.7,64.3,50.1,23.3,53.8,35.2,47.9,25.5,57.6,50.6,55.6,38.7,36.4,48.1,40.8,45.8,36.3,44.4,53.2,56.1,41.2,37.9,37.2,45.8,41.1,34.8,23.3,36.3,40.8,49.7,57.4,73.2,43.8,44.9
143,02-21,45.6,65.3,53.3,47.3,48.9,44.4,39.2,38.8,45.9,45.1,41.2,39.6,41.8,27.2,55.6,73.4,73.5,44.3,64.6,50.1,23.5,54.0,35.6,47.9,25.7,57.6,51.6,55.7,38.7,36.4,48.2,41.3,46.0,36.9,44.4,53.3,56.7,41.6,38.5,37.2,46.2,41.7,34.8,23.5,36.4,41.2,49.8,57.5,73.5,44.0,45.4
144,02-22,45.7,65.6,54.0,47.8,49.2,46.2,39.3,38.8,46.1,45.2,41.3,40.7,42.6,27.9,55.6,73.8,73.5,45.8,65.0,50.3,23.8,54.3,36.0,47.9,25.7,57.6,51.9,55.7,38.7,36.4,48.3,41.8,46.4,37.0,44.5,53.5,57.5,41.7,38.5,37.2,46.5,42.2,35.7,23.8,36.4,41.4,50.0,57.6,73.8,44.5,45.9
145,02-23,45.7,66.2,54.2,48.0,49.3,48.6,40.0,38.8,46.7,45.3,41.3,41.3,42.7,28.3,55.6,74.4,73.5,46.1,66.2,50.9,24.0,54.4,36.1,48.0,25.7,57.7,52.3,55.8,39.0,36.4,48.8,42.7,47.2,37.0,44.5,53.5,57.7,41.9,38.7,37.2,47.1,42.2,36.0,24.0,36.5,41.5,50.4,57.7,74.4,44.9,46.4
146,02-24,46.1,66.5,54.4,48.3,49.3,50.1,40.1,38.8,46.8,45.3,41.3,41.4,42.8,29.7,55.7,76.0,73.5,46.2,67.2,51.1,24.0,54.9,36.2,48.1,25.7,57.8,52.7,55.9,39.6,36.9,49.3,42.7,47.8,37.1,44.5,53.5,57.7,42.1,39.6,37.7,47.4,42.2,36.3,24.0,36.9,41.6,50.8,57.8,76.0,45.1,46.5
147,02-25,46.3,66.8,54.6,49.4,49.4,50.3,40.2,38.8,46.9,45.3,41.4,41.6,42.8,31.0,55.7,76.3,73.5,46.2,67.9,51.2,24.0,54.9,36.2,48.3,25.7,57.8,53.5,56.0,40.6,37.5,50.0,43.1,47.9,37.2,44.5,53.5,57.8,43.1,41.4,37.8,47.5,42.3,36.4,24.0,37.2,41.8,50.9,57.8,76.3,45.3,46.6
148,02-26,46.4,66.8,54.9,49.6,49.5,50.6,40.2,38.9,46.9,45.3,41.4,41.6,42.8,31.3,55.7,76.4,73.6,46.7,68.5,51.6,24.1,54.9,36.2,48.6,25.7,57.8,54.2,56.2,41.5,37.7,50.2,44.1,48.5,37.2,44.5,53.5,57.8,44.5,42.4,37.8,47.9,42.4,36.5,24.1,37.3,42.4,51.3,57.8,76.4,46.0,46.8
149,02-27,46.6,66.9,55.1,49.6,49.5,50.6,40.2,38.9,46.9,45.3,41.4,41.6,42.9,31.8,55.7,76.6,73.9,46.8,68.8,52.7,24.1,54.9,36.3,48.9,25.7,57.9,54.5,56.2,42.1,38.1,50.3,44.3,48.5,37.2,44.8,53.9,58.4,44.5,42.6,37.8,48.9,42.6,37.2,24.1,37.3,42.6,52.1,58.3,76.6,46.2,46.9
150,02-28,46.6,67.0,55.3,49.7,49.5,50.6,40.3,38.9,46.9,45.3,41.4,41.7,42.9,32.2,55.7,76.9,74.2,47.0,70.2,52.9,24.1,54.9,36.3,49.3,25.8,58.8,55.0,56.3,42.2,38.1,50.6,44.3,48.6,37.5,45.4,54.2,59.0,44.6,42.8,37.8,49.2,43.0,,24.1,37.6,42.8,52.2,59.0,76.9,46.4,46.9
151,02-29,,,,49.8,,,,39.0,,,,41.7,,,,77.0,,,,53.2,,,,49.5,,,,56.3,,,,45.0,,,,54.5,,,,37.9,,,,24.1,37.6,42.8,52.2,59.0,76.9,46.7,46.9
152,03-01,46.6,67.2,55.4,50.1,49.5,50.6,40.4,39.2,46.9,45.3,41.5,41.7,42.9,32.3,55.7,77.1,74.4,47.6,71.2,53.6,24.1,54.9,36.5,49.8,26.0,59.4,55.6,56.7,42.2,38.1,51.6,45.9,49.2,37.6,45.4,54.8,59.4,45.1,42.9,38.3,49.3,44.4,,24.1,37.6,42.9,53.0,59.4,77.1,47.1,47.3
153,03-02,46.6,67.8,55.6,50.4,49.8,50.6,40.6,39.4,47.6,45.4,42.0,41.7,43.2,32.4,55.8,77.1,75.8,47.9,71.4,53.7,24.6,54.9,36.5,50.0,26.0,59.5,56.3,57.4,42.3,38.1,52.1,46.6,49.3,38.1,45.4,55.3,59.5,45.7,42.9,38.3,49.3,45.0,,24.6,38.1,43.0,53.2,59.5,77.1,47.4,47.7
154,03-03,46.6,68.3,55.6,50.5,49.9,50.7,41.1,39.6,48.0,45.5,42.8,41.8,43.4,32.6,55.8,77.1,76.9,48.4,71.7,53.8,25.0,54.9,36.6,50.0,26.0,59.6,57.0,57.4,42.8,38.3,52.3,46.6,49.4,39.1,45.5,55.5,59.5,45.8,42.9,38.4,49.3,45.5,,25.0,38.3,43.1,53.4,59.6,77.1,47.5,48.2
155,03-04,46.9,69.2,55.7,50.6,50.2,50.7,41.4,39.8,48.0,45.8,44.4,41.9,43.7,33.2,55.9,77.4,77.5,48.9,72.7,53.9,25.0,54.9,36.9,50.3,26.0,59.7,57.2,57.6,43.0,38.5,52.7,46.7,49.5,40.0,45.5,55.8,59.9,45.8,42.9,38.4,49.3,45.6,,25.0,38.5,43.9,53.5,59.9,77.5,47.7,48.5
156,03-05,47.2,69.5,56.0,50.6,50.5,50.7,41.5,40.3,48.3,46.1,45.6,42.0,44.6,33.4,56.8,77.8,77.7,49.1,73.1,54.3,25.2,54.9,37.0,51.0,26.0,59.7,57.2,57.7,43.2,38.6,53.2,46.7,49.5,40.1,45.5,55.8,60.5,45.9,42.9,38.5,49.3,45.7,,25.2,38.5,44.9,53.9,60.4,77.8,48.0,48.7
157,03-06,47.2,69.6,56.5,50.7,50.6,50.8,41.7,40.9,50.0,46.1,46.0,42.1,44.9,33.4,57.2,78.0,77.9,49.2,73.1,54.3,25.2,55.2,37.5,51.5,26.0,59.8,57.2,57.7,44.0,38.6,53.7,47.3,49.7,41.5,45.5,56.6,61.1,45.9,43.0,38.5,49.7,45.8,,25.2,38.5,45.0,54.1,60.9,78.0,48.4,49.4
158,03-07,47.2,69.6,57.0,50.7,50.7,51.2,41.9,41.0,50.5,46.2,46.4,42.2,45.0,33.4,57.3,78.2,78.4,49.2,73.2,54.4,25.2,56.3,38.7,51.5,26.1,60.1,57.2,57.7,44.2,38.6,53.7,47.5,50.1,42.7,45.5,57.1,62.0,46.0,43.4,38.6,49.8,45.8,,25.2,38.6,45.1,54.2,61.8,78.4,48.6,49.5
159,03-08,47.3,69.7,57.7,50.7,50.7,52.1,42.0,41.1,50.6,46.6,46.5,42.2,45.0,33.4,57.4,78.3,79.0,49.4,73.3,54.5,25.2,56.6,40.5,51.6,26.1,60.5,57.4,58.0,44.4,38.6,53.8,47.6,50.2,42.8,45.5,57.3,63.1,46.0,43.6,38.7,49.9,45.8,,25.2,38.9,45.2,54.3,62.8,79.0,48.7,49.7
160,03-09,47.3,69.9,58.2,50.9,50.7,52.8,42.2,41.9,50.9,46.8,46.6,42.2,45.1,33.4,57.9,78.4,79.1,49.8,73.7,54.6,25.6,56.8,41.0,51.6,26.1,61.4,57.5,58.2,44.9,38.8,54.5,47.6,50.2,43.4,45.5,57.6,64.1,46.8,43.8,38.8,50.0,45.8,,25.6,39.0,45.2,54.6,63.9,79.1,48.9,49.9
161,03-10,47.4,70.1,58.8,51.1,50.7,53.1,42.5,42.7,51.4,47.4,46.8,42.2,45.1,33.5,58.5,78.4,79.8,50.0,73.8,54.7,25.8,57.0,41.9,51.6,26.1,62.3,57.8,58.2,45.3,39.0,54.8,47.6,50.2,45.0,45.5,58.3,65.3,46.9,43.9,38.8,50.2,45.9,,25.8,39.3,45.3,54.8,65.0,79.8,49.1,50.1
162,03-11,47.4,70.6,59.0,51.5,50.7,53.4,42.6,42.8,51.6,48.0,47.1,42.3,45.2,33.5,58.9,78.6,80.8,50.1,73.8,55.2,25.8,57.4,42.0,51.6,26.1,62.6,57.9,58.4,45.4,39.2,55.9,47.8,50.3,46.1,45.5,58.9,65.3,46.9,43.9,38.8,50.3,46.0,,25.8,39.5,45.6,55.7,65.0,80.8,49.4,50.2
163,03-12,47.5,71.1,59.2,51.8,50.7,53.9,43.3,42.8,51.8,48.2,47.8,42.3,45.2,33.5,59.2,78.9,81.3,50.2,73.9,55.3,25.8,58.7,42.3,51.6,26.1,62.7,58.0,58.6,45.4,39.8,56.0,48.5,50.3,46.1,45.7,59.0,65.6,46.9,44.0,38.8,50.4,46.1,,25.8,40.1,45.8,55.8,65.3,81.3,49.5,50.3
164,03-13,47.5,71.2,60.1,52.2,50.8,54.1,43.9,42.8,52.5,48.4,48.3,42.3,45.3,33.5,59.6,79.0,81.8,50.3,74.4,55.4,25.8,59.5,42.5,51.6,26.1,62.7,58.3,58.7,45.4,40.4,56.1,49.1,50.3,46.1,45.7,60.0,65.6,46.9,44.8,38.8,50.4,46.4,,25.8,40.6,45.9,55.9,65.4,81.8,49.7,50.3
165,03-14,47.5,71.3,60.7,52.9,50.8,54.5,44.4,42.8,53.2,48.7,48.4,42.4,45.4,33.6,60.1,79.0,82.0,50.3,74.6,55.9,25.9,60.3,42.7,51.6,26.1,62.9,58.4,59.5,45.4,40.5,56.7,49.8,50.4,46.1,45.7,61.3,66.0,47.2,44.9,39.2,50.4,47.1,,25.9,40.7,45.9,56.5,65.7,82.0,49.9,50.3
166,03-15,47.6,71.5,61.2,53.4,50.8,54.5,44.8,42.8,53.7,49.0,48.6,42.4,46.4,33.6,60.7,79.0,82.0,50.3,74.7,56.0,25.9,60.6,43.0,51.6,26.1,63.0,58.4,60.3,46.0,40.6,57.0,50.8,50.4,46.4,46.8,62.5,66.2,47.3,45.0,39.5,50.6,47.5,,25.9,40.8,46.5,56.7,65.8,82.0,50.3,50.5
167,03-16,47.9,71.6,61.3,53.8,50.8,54.6,44.9,42.8,54.0,49.0,48.7,42.4,47.8,33.7,60.9,79.1,82.7,50.4,74.7,56.0,26.4,60.9,43.3,51.6,26.1,63.1,58.4,60.8,47.5,40.6,58.1,52.4,50.4,46.5,47.6,63.0,67.1,47.6,45.0,39.5,50.6,48.2,,26.1,40.8,47.6,57.5,66.7,82.7,50.7,50.5
168,03-17,48.2,71.7,61.4,54.4,50.8,54.7,45.1,42.9,54.4,49.0,48.7,42.7,48.9,33.9,60.9,79.1,83.6,50.5,74.8,56.9,26.5,61.6,43.6,51.6,26.3,63.5,58.4,61.0,48.2,40.6,58.9,53.0,51.0,46.9,47.6,63.1,67.1,47.9,45.0,39.6,50.7,48.2,,26.3,40.8,48.0,58.0,66.7,83.6,51.1,50.8
169,03-18,48.4,71.8,61.4,54.7,50.9,54.8,45.7,42.9,54.9,49.0,48.8,43.0,50.2,34.2,61.0,79.1,83.8,50.6,74.9,57.0,26.9,61.9,43.7,51.6,26.4,63.8,58.4,61.4,48.6,40.6,59.1,53.3,51.1,47.4,47.7,63.2,67.4,48.2,45.0,39.6,50.7,48.3,,26.4,40.9,48.2,58.0,67.0,83.8,51.4,50.8
170,03-19,48.5,71.9,61.5,55.0,50.9,54.9,46.1,42.9,55.5,49.1,48.9,43.0,50.8,34.9,62.0,79.2,84.0,50.6,74.9,57.9,27.3,62.3,43.8,51.7,26.6,64.0,58.5,62.3,48.7,40.7,59.3,53.5,51.2,47.5,47.7,63.2,68.3,48.2,45.0,39.7,50.9,48.3,,26.6,40.9,48.3,58.3,67.9,84.0,51.6,50.9
171,03-20,48.6,72.0,61.6,55.4,50.9,54.9,46.3,42.9,55.7,49.1,49.0,43.1,51.1,35.2,62.6,79.2,84.2,50.6,74.9,58.5,27.5,62.7,44.1,51.8,27.1,64.1,58.9,62.7,48.8,40.7,59.5,53.9,51.6,47.5,47.7,63.2,68.3,48.3,45.0,39.7,51.1,48.7,,27.1,40.9,48.4,58.8,67.9,84.2,51.9,51.1
172,03-21,48.6,72.1,61.7,56.1,51.4,55.0,46.3,43.1,56.2,49.1,49.1,43.1,51.3,35.6,63.1,79.2,84.5,50.6,75.0,58.6,27.5,62.8,44.5,51.8,27.5,64.1,59.3,63.2,48.9,40.7,59.8,55.6,52.9,47.5,47.8,63.5,68.4,48.3,45.0,39.7,51.5,48.8,,27.5,40.9,48.4,59.1,68.0,84.5,52.2,51.4
173,03-22,48.9,72.1,61.8,56.6,51.9,55.1,46.3,43.5,56.6,49.2,49.3,43.1,51.4,36.4,63.5,79.4,84.6,51.4,75.1,58.6,27.5,62.8,46.0,51.8,27.8,64.5,59.4,63.2,49.1,41.2,60.0,57.1,53.3,47.5,48.0,64.0,68.8,48.6,45.1,39.7,51.8,49.4,,27.5,41.4,48.7,59.2,68.4,84.6,52.4,51.8
174,03-23,49.1,72.2,62.2,56.7,52.7,55.1,46.4,44.4,56.7,49.4,49.7,43.1,52.5,36.6,63.8,79.6,84.6,52.1,75.2,59.0,27.5,62.9,47.3,51.8,28.0,64.6,59.4,63.3,49.6,41.4,60.1,57.4,53.6,47.6,48.4,64.4,69.2,48.9,45.3,39.7,52.4,49.4,,27.5,41.6,49.0,59.3,68.7,84.6,52.8,52.4
175,03-24,49.2,72.2,62.4,56.9,53.7,56.0,46.7,45.4,56.8,49.6,50.0,43.1,53.0,36.7,64.1,79.7,84.6,52.7,75.3,59.1,27.6,63.0,47.5,51.8,28.4,64.6,59.4,63.7,49.9,41.4,60.2,57.5,53.6,47.6,49.2,64.6,69.5,50.0,45.4,40.0,52.4,49.4,,27.6,41.6,49.3,59.3,69.0,84.6,53.2,52.9
176,03-25,49.7,72.3,62.9,57.0,54.1,56.2,46.8,46.4,57.1,49.6,50.2,43.1,53.2,36.7,64.5,79.8,84.6,52.9,75.3,59.1,27.8,63.2,47.7,52.1,28.8,64.8,59.6,63.8,50.1,41.6,60.4,57.5,53.6,47.6,49.5,64.9,70.5,50.3,45.4,40.4,52.8,49.4,,27.8,41.7,49.5,59.5,69.9,84.6,53.4,53.0
177,03-26,50.1,72.3,63.1,58.3,54.3,56.3,46.9,46.6,57.5,49.6,50.4,43.2,53.3,36.7,64.6,79.9,84.6,53.1,75.5,59.1,28.3,63.3,49.1,52.6,28.9,65.3,60.3,64.0,50.7,42.4,60.8,57.6,53.6,48.0,49.7,65.0,70.6,50.4,45.6,40.6,53.0,49.4,,28.3,42.5,49.7,59.9,70.1,84.6,53.6,53.2
178,03-27,50.4,72.4,63.5,58.9,55.3,56.3,46.9,47.8,57.8,49.7,50.4,43.2,53.3,36.7,64.6,79.9,85.1,53.5,76.4,59.1,28.6,63.3,49.8,53.3,30.4,65.4,60.6,65.0,50.8,43.1,61.4,57.6,53.6,48.7,49.7,65.2,71.7,50.5,45.6,40.6,53.1,49.4,,28.6,43.1,49.7,60.2,71.0,85.1,53.8,53.4
179,03-28,50.5,72.8,64.0,59.1,55.7,56.3,46.9,48.1,58.4,49.7,50.5,43.2,53.3,36.7,64.7,80.2,85.4,53.7,76.9,59.5,29.7,63.4,49.9,53.6,32.0,65.5,60.8,65.1,50.8,43.1,62.0,58.0,53.8,49.6,49.8,65.8,72.2,50.6,45.9,40.7,53.1,49.4,,29.7,43.1,49.9,60.4,71.5,85.4,54.0,53.7
180,03-29,50.9,73.2,64.5,59.5,56.0,56.4,46.9,48.5,59.1,49.7,50.5,43.2,53.4,36.8,64.7,80.4,85.6,53.9,77.4,59.5,30.0,63.4,50.0,53.6,32.9,65.6,60.8,65.9,51.6,44.1,62.3,58.3,53.9,51.1,50.0,65.8,72.2,50.7,46.1,41.0,53.4,49.5,,30.0,43.3,50.2,60.4,71.6,85.6,54.3,53.7
181,03-30,51.4,73.5,66.5,59.6,56.3,56.4,47.0,49.0,59.4,49.7,50.6,43.2,53.4,36.8,64.7,80.5,85.6,54.0,78.5,59.6,30.1,63.4,50.0,53.6,34.1,65.8,60.9,66.1,52.0,46.0,63.3,59.9,53.9,51.8,50.1,65.8,73.5,50.7,46.1,41.5,53.5,49.5,,30.1,43.5,50.2,60.6,72.8,85.6,54.7,53.8
182,03-31,52.0,73.9,67.7,59.7,56.7,56.6,47.0,49.0,59.8,49.7,50.6,43.3,53.5,37.3,64.7,80.6,85.9,54.2,78.8,59.6,30.1,63.4,50.0,53.8,34.2,65.9,60.9,66.3,52.1,46.7,63.7,61.9,53.9,52.1,50.1,65.8,73.9,50.7,46.2,43.0,53.6,49.6,,30.1,43.6,50.2,61.6,73.3,85.9,54.9,53.8
183,04-01,52.5,74.1,67.9,60.0,56.8,56.7,47.0,49.1,59.9,49.7,50.7,43.3,53.8,37.6,64.7,81.4,86.6,54.4,79.1,59.6,30.6,63.4,50.3,53.8,34.3,66.1,61.2,66.3,52.3,46.9,63.8,62.4,53.9,52.2,50.9,65.8,73.9,50.7,46.2,44.0,53.6,49.6,,30.6,44.2,50.7,62.0,73.3,86.6,55.1,53.9
184,04-02,52.9,74.5,68.5,60.1,56.9,56.9,47.0,49.1,60.7,49.8,50.8,43.4,54.2,37.7,64.7,82.1,86.8,54.4,79.3,59.6,30.9,63.4,50.7,53.9,34.6,66.3,61.3,66.3,52.8,47.0,63.9,62.9,54.0,52.4,51.2,65.8,73.9,51.0,46.4,44.4,53.6,49.7,,30.9,44.6,50.9,62.4,73.4,86.8,55.3,54.1
185,04-03,53.2,75.4,69.5,60.2,56.9,57.0,47.1,50.1,61.2,49.8,51.0,43.4,55.1,37.7,64.8,82.3,86.8,54.5,79.4,59.6,31.2,63.5,51.0,53.9,34.7,66.5,61.3,66.3,53.8,48.2,64.5,62.9,54.0,52.4,51.2,65.8,73.9,51.1,46.8,44.5,53.6,50.2,,31.2,44.7,51.1,62.4,73.5,86.8,55.6,54.3
186,04-04,53.4,76.0,69.7,60.3,56.9,57.1,47.2,51.0,61.4,49.8,51.4,43.5,55.8,37.8,64.8,82.4,86.9,54.7,79.8,59.7,31.2,63.5,51.6,53.9,35.1,66.7,61.3,66.3,54.1,48.6,64.6,63.1,54.0,52.5,51.4,65.9,74.0,51.3,47.0,44.5,53.6,50.0,,31.2,44.8,51.4,62.6,73.5,86.9,55.8,54.4
187,04-05,53.5,76.4,69.8,60.4,56.9,57.1,47.2,51.3,61.6,49.8,51.9,43.9,56.2,37.8,64.9,82.4,86.9,54.8,80.1,59.7,31.3,63.5,51.9,53.9,35.5,66.7,61.3,66.6,54.2,48.7,65.7,63.4,54.7,52.8,51.5,66.3,74.0,51.3,47.3,44.7,53.6,51.9,,31.3,45.0,51.9,62.9,73.6,86.9,56.1,54.7
188,04-06,53.9,76.7,69.9,60.6,57.0,57.1,47.4,51.4,61.7,49.8,52.9,44.4,56.3,38.1,65.2,82.5,86.9,54.9,80.3,59.7,31.5,63.6,52.5,53.9,35.5,67.0,61.3,66.9,54.2,49.1,66.1,63.6,55.5,53.3,51.8,66.3,74.1,51.9,47.8,44.8,53.6,52.0,,31.5,45.1,52.2,63.0,73.7,86.9,56.4,55.2
189,04-07,54.0,76.9,70.0,60.7,57.0,57.1,47.5,51.9,61.7,49.8,53.6,44.5,56.7,39.0,65.5,82.5,86.9,55.0,80.3,59.8,31.9,63.7,53.1,53.9,35.5,67.1,61.4,67.4,54.2,49.4,67.1,63.6,56.4,53.4,51.9,66.3,74.4,52.0,48.7,44.8,53.6,52.1,,31.9,45.1,52.4,63.0,73.9,86.9,56.6,55.7
190,04-08,54.1,77.1,70.1,61.5,57.0,57.1,47.7,52.0,61.8,49.8,54.2,44.6,56.8,39.3,66.5,82.5,87.1,55.1,80.4,59.8,32.2,63.8,53.2,54.0,36.0,67.2,62.0,67.7,54.2,49.6,67.3,63.6,57.5,53.4,52.1,66.3,74.8,53.3,51.7,44.8,53.7,52.1,,32.2,45.1,53.2,63.1,74.3,87.1,57.1,56.0
191,04-09,54.7,77.2,70.1,62.0,57.0,57.2,47.9,52.1,61.8,49.8,55.1,45.1,57.7,39.9,67.2,82.6,87.3,55.2,80.8,59.9,32.3,63.9,53.2,54.0,36.3,67.6,62.4,68.0,54.4,50.1,67.3,63.6,57.6,53.4,52.2,66.3,75.1,54.0,53.4,44.8,53.8,52.2,,32.3,45.4,53.4,63.2,74.6,87.3,57.5,56.1
192,04-10,55.1,77.4,70.4,62.9,57.1,57.2,47.9,52.1,61.8,49.8,55.9,47.4,58.4,40.4,67.4,82.7,87.4,55.5,81.1,59.9,32.3,65.0,53.3,54.0,36.5,67.9,63.2,68.2,54.9,50.1,67.3,63.6,57.6,53.4,52.2,66.3,75.4,54.1,54.1,44.8,53.8,52.5,,32.3,47.4,53.6,63.5,74.9,87.4,57.8,56.5
193,04-11,55.4,78.1,70.6,63.6,57.1,57.2,48.4,52.1,61.8,49.8,56.4,47.8,59.3,40.5,67.6,82.9,87.4,55.9,81.3,59.9,32.9,65.6,53.7,54.0,36.7,68.1,63.2,68.3,55.0,50.2,67.5,63.7,57.9,53.5,52.2,66.3,75.5,54.4,54.8,44.8,54.0,53.5,,32.9,47.9,53.8,63.6,75.0,87.4,57.9,56.7
194,04-12,56.5,78.5,70.8,64.2,57.1,57.5,48.8,52.2,61.8,49.8,56.4,48.2,59.5,40.6,67.7,83.5,87.5,56.2,81.4,59.9,33.4,66.1,53.8,54.0,37.1,68.2,63.7,68.3,55.0,50.3,67.9,63.9,57.9,53.5,52.7,66.4,75.7,54.8,55.6,44.8,54.0,54.5,,33.4,48.2,54.0,64.1,75.2,87.5,58.1,56.8
195,04-13,56.8,78.9,71.0,64.4,57.1,58.0,48.9,52.2,61.9,49.8,56.5,48.6,59.5,40.8,68.5,84.3,87.5,56.5,81.4,60.3,33.5,66.2,54.0,54.0,37.4,68.3,63.8,68.3,55.8,50.5,67.9,64.1,58.0,53.5,52.8,66.7,76.2,55.6,55.8,44.8,54.0,55.4,,33.5,48.6,54.0,64.3,75.7,87.5,58.3,57.0
196,04-14,57.0,79.8,71.0,64.4,57.1,58.0,48.9,52.4,61.9,49.9,56.5,48.9,59.8,40.8,69.1,84.4,88.0,56.6,81.5,60.8,33.6,67.9,54.3,54.2,37.6,68.5,63.8,68.3,56.3,50.7,68.2,64.3,58.3,53.5,53.1,67.0,76.5,56.1,56.1,44.8,54.0,56.0,,33.6,48.9,54.2,64.4,75.9,88.0,58.7,57.0
197,04-15,57.0,80.8,71.1,64.5,57.1,58.1,48.9,52.5,61.9,49.9,56.6,49.1,60.0,40.9,69.4,84.5,88.5,56.8,81.5,61.1,33.6,68.5,54.4,54.8,37.8,69.0,64.2,68.7,56.5,51.0,68.8,64.3,58.6,53.5,53.5,68.1,76.8,56.2,56.2,44.8,54.0,56.3,,33.6,48.9,54.5,64.4,76.2,88.5,59.0,57.1
198,04-16,57.1,81.0,71.1,64.6,57.2,58.5,48.9,52.6,62.0,50.0,56.7,49.3,60.3,41.0,69.4,84.7,88.6,56.9,81.5,61.4,33.7,68.8,54.5,55.2,37.9,69.9,64.3,69.0,56.5,51.0,69.6,64.4,58.8,53.5,53.5,68.1,76.8,56.7,56.5,44.8,54.0,56.4,,33.7,49.0,54.7,64.6,76.3,88.6,59.2,57.1
199,04-17,57.1,81.1,71.2,64.7,57.2,58.9,49.0,52.6,62.0,50.0,56.8,50.1,60.4,41.0,69.4,85.2,88.7,56.9,81.5,61.5,33.8,69.1,54.7,55.3,38.5,70.2,64.5,69.0,56.6,51.0,70.2,65.2,59.1,53.5,53.5,68.1,77.0,57.3,56.6,44.8,54.0,56.8,,33.8,49.1,54.9,65.1,76.4,88.7,59.4,57.2
200,04-18,57.2,81.2,71.2,64.7,57.2,59.0,49.4,52.7,62.0,50.0,56.9,51.6,60.8,41.0,69.7,85.5,88.7,57.0,81.5,61.5,34.0,69.4,55.1,55.5,38.8,70.4,64.9,69.0,56.6,51.1,70.3,65.5,59.1,54.1,53.5,68.1,77.3,57.5,56.6,44.9,54.0,56.8,,34.0,49.5,55.2,65.3,76.7,88.7,59.6,57.4
201,04-19,57.3,81.2,71.3,65.2,57.9,59.1,49.7,52.8,62.1,50.0,57.0,51.8,61.1,41.1,69.9,85.9,89.1,57.1,81.5,61.6,34.2,69.5,55.2,55.7,39.0,70.4,65.2,69.2,56.6,51.1,70.4,65.8,59.1,54.2,53.5,68.1,77.8,57.6,56.6,44.9,54.0,57.3,,34.2,49.7,55.3,65.6,77.1,89.1,59.6,57.8
202,04-20,57.4,81.3,71.3,65.5,58.4,59.1,49.7,53.0,62.3,50.0,57.0,51.9,61.3,41.1,70.3,86.1,90.3,57.1,81.7,61.7,34.4,69.5,55.2,56.2,39.0,70.4,65.2,69.5,56.6,51.1,70.4,66.3,59.9,54.4,53.5,68.1,78.1,57.6,56.7,44.9,54.0,57.6,,34.4,49.8,55.5,66.1,77.5,90.3,59.8,58.0
203,04-21,57.4,81.3,71.5,65.6,58.7,59.1,49.8,54.0,62.4,50.1,57.2,52.0,61.4,41.2,70.8,86.3,90.9,57.1,81.8,61.7,34.6,69.5,55.3,57.0,39.1,70.4,65.3,69.9,56.7,51.5,70.6,66.4,60.0,54.4,53.5,68.2,78.5,57.6,56.9,44.9,54.0,58.1,,34.6,49.8,55.7,66.1,77.8,90.9,59.9,58.4
204,04-22,57.5,81.3,71.6,65.6,59.3,59.2,49.8,54.3,62.6,50.2,57.2,52.1,61.7,41.3,70.9,86.6,91.2,57.2,82.0,61.8,34.6,69.5,55.4,57.6,39.1,70.5,65.8,70.1,56.7,51.8,70.6,66.4,60.1,54.6,53.5,68.2,78.5,57.6,56.9,44.9,54.0,58.2,,34.6,49.8,55.8,66.2,77.8,91.2,60.0,58.7
205,04-23,57.6,81.4,71.7,65.6,60.2,59.4,49.8,54.4,62.7,50.8,57.2,52.2,62.1,41.3,70.9,87.9,91.9,57.2,82.0,62.1,34.6,69.5,55.5,57.6,39.2,70.5,65.9,70.7,56.7,51.8,70.7,66.4,60.1,55.4,53.5,68.5,78.7,57.6,57.0,45.9,54.0,58.3,,34.6,49.9,55.8,66.2,78.0,91.9,60.2,58.8
206,04-24,57.8,81.4,71.9,65.7,60.7,59.5,49.8,54.5,63.0,51.5,57.4,52.3,62.6,41.6,71.0,90.2,92.6,57.6,82.1,62.3,34.7,69.5,55.9,57.6,39.7,70.5,65.9,71.2,56.7,51.8,70.8,66.5,60.1,56.4,53.9,69.1,79.1,57.6,57.0,46.1,54.1,58.2,,34.7,50.0,56.5,66.4,78.4,92.6,60.4,58.9
207,04-25,57.8,81.4,72.0,66.1,61.1,59.8,49.8,54.6,63.4,51.7,58.1,52.4,63.0,41.8,71.0,91.1,92.7,57.9,82.1,62.5,34.7,69.6,56.1,57.6,39.8,70.5,66.0,71.4,56.7,52.0,71.1,66.6,60.1,57.4,54.2,69.6,80.3,57.6,57.0,46.2,54.4,58.3,,34.7,50.0,56.8,66.5,79.4,92.7,60.7,59.0
208,04-26,58.0,81.4,72.2,66.2,61.2,60.3,49.8,54.7,64.1,52.7,58.4,52.5,63.4,42.0,71.0,91.4,92.8,58.0,82.1,62.7,34.7,69.6,56.3,57.6,39.9,70.5,66.0,71.4,56.7,52.0,72.2,67.1,60.1,57.7,54.4,69.7,80.6,57.6,57.0,46.6,54.7,58.3,,34.7,50.0,56.8,66.8,79.8,92.8,60.8,59.3
209,04-27,58.0,81.4,72.3,66.3,61.2,60.9,49.9,54.8,64.2,53.2,59.0,52.6,63.7,42.1,71.1,91.5,92.9,58.0,82.2,62.9,34.7,69.8,56.5,57.6,40.0,70.5,66.0,71.4,56.7,52.4,72.6,68.0,60.1,57.9,54.4,69.7,81.4,57.7,57.0,46.7,54.8,58.5,,34.7,50.1,56.8,67.5,80.6,92.9,60.9,59.5
210,04-28,58.1,81.5,72.3,66.3,61.3,61.6,49.9,55.1,64.3,56.3,59.2,52.6,63.8,42.1,71.5,91.6,93.0,58.0,82.4,63.0,34.8,70.0,56.6,57.6,40.2,70.6,66.0,71.4,56.9,53.4,72.8,68.1,60.1,58.7,54.4,69.8,81.9,57.8,57.0,47.0,54.8,58.6,,34.8,50.2,56.9,67.6,80.6,93.0,61.1,59.6
211,04-29,58.2,81.6,72.4,66.4,61.3,62.0,49.9,55.7,64.3,56.8,59.3,52.7,64.0,42.2,71.7,91.6,93.5,58.0,82.5,63.2,35.3,70.0,56.8,57.6,40.2,70.6,66.0,71.5,57.3,54.0,73.6,68.1,60.1,58.7,54.4,69.8,81.9,58.0,57.0,47.0,54.8,58.9,,35.3,50.2,57.1,67.6,80.8,93.5,61.3,59.7
212,04-30,58.3,81.6,72.5,66.7,61.3,62.1,49.9,56.5,64.4,56.8,59.4,53.2,64.4,42.3,72.1,91.7,93.8,58.1,82.5,63.2,35.5,70.0,56.9,57.6,40.3,70.6,66.0,72.2,57.5,54.5,73.8,68.1,60.2,58.7,54.4,70.0,81.9,58.3,57.0,47.1,54.8,59.2,,35.5,50.3,57.1,67.7,80.8,93.8,61.4,59.8
213,05-01,58.3,81.7,72.6,67.3,61.4,62.2,50.3,57.1,64.5,56.9,59.4,53.4,64.5,42.4,72.3,91.7,94.5,58.1,82.6,63.3,36.7,70.0,56.9,57.6,40.4,70.6,66.1,72.5,57.6,54.6,73.9,69.0,60.2,58.7,54.4,70.0,82.2,58.3,57.0,47.3,54.9,59.8,,36.7,50.6,57.3,68.5,80.9,94.5,61.5,60.0
214,05-02,58.5,81.7,72.7,68.1,61.4,62.3,50.7,57.2,64.5,57.0,59.5,53.6,64.8,42.4,73.3,91.7,94.7,58.3,82.9,63.4,37.0,70.1,56.9,57.6,40.6,70.6,66.2,72.5,57.8,54.8,73.9,69.3,60.3,58.7,54.4,70.0,82.3,58.4,57.0,47.4,55.2,59.9,,37.0,51.0,57.4,69.0,80.9,94.7,61.5,60.1
215,05-03,58.6,81.7,72.8,68.9,61.6,62.8,51.0,57.7,64.5,57.0,59.5,53.7,64.9,42.5,73.6,91.9,94.9,58.5,83.6,63.4,37.0,70.1,57.0,57.6,40.7,70.6,66.8,72.6,58.4,54.8,74.0,69.4,60.3,58.7,54.4,70.0,82.3,58.4,57.0,48.0,55.3,60.6,,37.0,51.3,57.7,69.3,81.0,94.9,61.7,60.4
216,05-04,58.6,81.8,72.9,69.1,62.0,63.1,51.1,58.0,64.7,57.0,59.6,53.8,65.8,42.7,73.9,92.0,95.1,58.5,84.6,63.8,37.1,70.1,57.2,57.6,40.9,70.6,67.1,72.6,58.6,55.8,74.0,70.4,60.3,58.9,54.4,70.1,82.3,58.4,57.0,48.1,55.3,60.6,,37.1,51.3,57.7,69.8,81.1,95.1,61.8,60.5
217,05-05,58.8,81.9,73.2,69.4,62.0,63.3,51.1,58.1,64.7,57.0,59.6,53.8,65.9,42.9,74.3,92.0,95.2,58.8,85.1,63.9,37.1,70.1,57.9,57.7,41.1,70.6,67.2,72.7,60.0,56.0,74.0,70.7,60.3,59.8,54.4,70.2,82.6,58.4,57.0,48.2,55.3,60.7,,37.1,51.3,57.9,69.9,81.1,95.2,62.1,60.5
218,05-06,59.0,81.9,73.5,69.8,62.1,63.6,51.1,58.3,64.7,57.0,59.7,53.9,66.1,42.9,74.5,92.1,95.3,58.9,85.2,64.1,37.1,70.3,58.0,57.7,41.4,70.6,67.2,72.7,60.9,56.2,74.1,70.8,60.3,60.1,54.5,70.2,83.0,58.4,57.0,48.3,55.3,61.8,,37.1,51.3,58.1,70.1,81.2,95.3,62.3,61.4
219,05-07,59.0,81.9,73.8,70.0,62.1,63.6,51.1,58.5,64.7,57.1,59.8,54.0,66.6,43.0,74.8,92.1,95.4,58.9,85.4,64.1,37.2,70.5,58.0,57.7,41.6,70.6,67.2,72.7,61.9,56.2,74.3,70.8,60.3,60.2,54.5,70.2,83.0,58.4,57.0,48.4,55.4,63.1,,37.2,51.4,58.1,70.1,81.2,95.4,62.4,62.0
220,05-08,59.1,82.0,74.3,70.1,62.1,63.6,51.1,58.7,64.8,57.1,60.8,54.0,67.2,43.0,74.9,92.2,95.4,59.1,85.7,64.2,37.2,70.6,58.1,58.0,41.7,71.0,67.2,72.7,62.1,56.3,74.7,70.8,60.3,60.2,54.5,70.2,83.0,58.4,57.0,48.4,55.6,64.1,,37.2,51.4,58.2,70.2,81.2,95.4,62.5,62.1
221,05-09,59.2,82.0,74.9,70.1,62.1,63.8,51.1,58.9,64.8,57.2,61.2,54.1,67.4,43.1,74.9,92.2,95.5,59.2,86.0,64.6,37.2,70.6,58.3,58.1,42.3,71.0,67.2,72.7,62.1,56.3,75.0,70.8,60.3,61.2,54.5,70.2,83.0,58.4,57.0,48.5,55.7,64.5,,37.2,51.4,58.3,70.2,81.3,95.5,62.7,62.1
222,05-10,59.3,82.1,75.4,70.2,62.2,64.1,51.1,59.0,65.3,57.2,61.4,54.1,67.6,43.1,75.1,92.3,95.5,59.3,86.1,65.6,37.2,70.6,58.4,58.2,43.0,71.1,67.2,72.7,62.2,56.5,75.0,70.8,60.3,62.4,54.5,70.2,83.0,58.5,57.0,48.5,55.7,64.7,,37.2,51.4,58.4,70.2,81.4,95.5,63.0,62.3
223,05-11,59.3,82.1,75.4,70.4,62.5,64.6,51.2,59.1,65.5,57.2,61.5,54.2,67.6,43.1,75.4,92.3,95.5,59.3,86.1,66.4,37.2,70.6,58.5,58.7,43.5,71.1,67.2,72.7,62.2,56.9,75.1,70.8,60.3,62.6,54.5,70.2,83.1,58.7,57.0,48.5,55.7,64.7,,37.2,51.5,58.7,70.4,81.4,95.5,63.2,62.5
224,05-12,59.4,82.1,75.5,70.7,62.5,64.6,51.3,59.1,65.5,57.3,61.6,54.2,67.7,43.2,76.0,92.4,95.5,59.5,86.5,67.0,37.3,70.7,58.7,59.1,43.6,71.1,67.2,72.8,62.2,57.0,75.5,70.8,60.3,62.6,55.1,70.2,83.5,58.8,57.0,48.6,55.7,64.8,,37.3,51.6,58.9,70.5,81.5,95.5,63.3,62.5
225,05-13,59.5,82.1,75.6,70.9,62.5,64.7,51.7,59.4,65.5,57.3,61.6,54.3,67.7,43.2,76.1,92.5,95.5,59.9,86.7,67.1,37.3,70.7,58.7,59.1,43.6,71.1,67.2,72.8,62.7,57.0,75.5,70.8,60.3,62.6,55.4,70.2,84.0,58.8,57.0,49.0,55.7,65.5,,37.3,51.9,58.9,70.5,81.5,95.5,63.3,62.6
226,05-14,59.5,82.1,75.6,71.1,62.7,64.9,51.7,59.7,65.6,57.5,61.8,54.3,67.8,43.2,76.2,92.9,95.5,60.1,86.9,67.1,37.3,70.8,58.7,59.1,43.8,71.1,67.2,73.0,63.3,57.0,75.5,70.8,60.5,62.6,55.4,70.2,84.3,58.8,57.0,49.3,55.7,66.1,,37.3,52.0,58.9,70.6,81.5,95.5,63.4,63.0
227,05-15,59.7,82.2,76.1,71.3,62.7,64.9,51.7,59.8,65.6,57.6,61.9,54.3,67.8,43.2,76.2,93.9,95.5,60.8,87.2,67.1,38.8,70.8,58.7,59.1,44.0,71.1,67.3,73.0,63.4,57.0,75.6,70.8,60.5,62.6,55.5,70.4,84.5,58.8,57.1,49.8,55.8,66.7,,38.8,52.0,58.9,70.7,81.6,95.5,63.4,63.1
228,05-16,60.0,82.2,76.7,71.5,62.8,64.9,51.8,59.8,65.6,57.6,62.0,54.3,67.8,43.6,76.2,94.6,95.5,61.2,87.4,67.3,39.9,70.8,59.0,59.2,44.5,71.1,67.3,73.0,63.4,57.0,76.1,70.8,60.6,62.6,55.6,70.8,84.7,58.9,57.3,49.8,55.8,66.8,,39.9,52.0,59.0,70.8,81.6,95.5,63.5,63.1
229,05-17,60.2,82.2,76.7,71.6,62.8,64.9,51.8,60.3,65.6,57.6,62.7,54.4,67.8,43.9,76.3,95.0,95.6,61.5,87.4,67.4,40.0,70.8,59.2,59.4,45.1,71.1,67.3,73.0,63.5,57.0,76.2,70.8,60.9,62.6,55.7,70.8,85.9,59.0,57.5,49.9,55.8,66.8,,40.0,52.0,59.2,70.8,81.6,95.6,63.6,63.1
230,05-18,60.7,82.3,76.8,71.7,62.8,65.0,51.8,60.4,65.8,57.6,63.6,54.4,67.8,44.0,76.3,95.8,95.6,61.8,88.1,67.4,40.1,70.8,59.4,59.8,45.3,71.1,67.3,73.0,63.5,57.3,76.4,70.8,61.1,62.7,55.8,70.8,86.0,59.0,57.7,50.2,55.8,66.8,,40.1,52.1,59.5,70.8,81.8,95.8,63.8,63.6
231,05-19,61.3,82.3,76.8,71.8,62.8,65.0,51.9,60.4,66.0,57.7,64.0,54.5,67.9,44.2,76.3,96.8,95.6,62.0,88.4,67.5,40.1,70.8,59.4,60.6,46.2,71.2,67.3,73.0,63.5,57.6,76.5,70.8,61.4,63.3,56.0,70.8,86.0,59.0,57.9,50.7,55.9,67.1,,40.1,52.1,59.7,70.8,81.8,96.8,64.1,63.7
232,05-20,61.4,82.4,76.9,71.9,62.8,65.3,51.9,60.4,66.0,57.8,64.1,54.7,68.3,44.5,76.4,97.1,95.6,62.3,88.4,67.5,40.1,70.9,59.4,60.6,46.5,71.3,67.4,73.0,63.8,58.3,76.5,70.8,61.4,63.4,56.0,71.2,86.0,59.0,58.3,51.0,56.1,67.4,,40.1,52.2,59.7,70.9,81.8,97.1,64.2,63.9
233,05-21,61.6,82.4,76.9,72.0,62.8,65.6,51.9,60.5,66.1,58.2,64.2,54.8,68.5,44.6,76.4,97.2,95.6,62.8,88.4,67.6,40.1,71.1,59.5,60.7,46.8,71.5,67.9,73.7,63.8,58.7,76.5,70.8,61.4,63.4,56.1,71.5,86.0,59.0,58.5,51.1,56.4,67.4,,40.1,52.2,59.8,71.0,81.8,97.2,64.4,64.0
234,05-22,61.7,82.4,76.9,72.0,62.8,65.8,51.9,60.5,66.1,58.6,64.3,54.8,68.8,44.7,76.4,97.9,95.6,63.0,88.4,67.6,40.1,71.4,59.5,60.7,47.0,71.7,68.1,74.3,63.8,59.1,76.6,71.4,62.2,63.4,56.5,71.8,86.0,59.0,58.7,51.7,56.5,67.4,,40.1,52.2,59.8,71.4,81.8,97.9,64.6,64.0
235,05-23,61.8,82.4,77.0,73.0,62.8,65.9,51.9,60.5,66.4,59.0,64.3,54.8,69.0,44.9,76.5,98.6,95.6,63.1,88.5,67.6,40.1,71.5,59.5,61.3,47.1,71.9,68.1,74.5,63.8,59.3,76.6,72.0,62.7,63.4,56.8,72.0,86.0,59.0,58.8,51.9,56.6,67.5,,40.1,52.2,59.8,71.8,81.9,98.6,64.7,64.1
236,05-24,62.2,82.4,77.1,73.3,62.9,65.9,52.0,60.5,67.0,59.5,64.4,54.8,69.1,44.9,76.5,98.8,95.8,63.2,88.5,67.7,40.1,71.5,59.5,61.4,47.1,72.4,68.1,74.7,63.8,59.5,76.7,72.3,63.1,63.4,56.8,72.1,86.0,59.1,58.9,51.9,56.7,67.5,,40.1,52.3,59.8,71.9,81.9,98.8,64.8,64.1
237,05-25,62.4,82.4,77.1,73.3,62.9,65.9,52.3,60.5,67.5,59.8,64.5,54.9,69.3,44.9,76.5,98.8,96.0,63.7,88.5,67.7,40.1,71.6,59.6,61.4,47.1,72.8,68.1,74.8,63.8,59.5,76.7,73.1,63.3,63.4,56.8,72.1,86.0,59.2,59.0,51.9,56.9,67.5,,40.1,52.6,60.0,71.9,81.9,98.8,64.8,64.1
238,05-26,62.6,82.5,77.2,74.0,62.9,65.9,52.4,60.5,67.6,60.0,64.5,54.9,69.7,45.0,76.6,98.8,96.0,63.9,88.5,67.7,40.2,71.6,59.7,61.5,47.2,73.2,68.1,74.8,63.8,59.7,77.5,73.2,63.3,63.4,56.8,72.1,86.0,59.3,59.3,51.9,57.2,67.5,,40.2,52.6,60.1,71.9,82.0,98.8,64.9,64.2
239,05-27,62.6,82.6,77.3,74.1,62.9,65.9,52.4,60.6,67.7,60.2,64.5,54.9,70.0,45.0,76.6,98.8,96.2,64.1,88.5,67.8,40.2,71.6,59.7,61.9,47.2,73.7,68.1,75.0,63.8,59.9,77.9,73.3,63.7,63.5,56.8,72.1,86.0,59.3,59.5,51.9,57.2,67.6,,40.2,52.7,60.3,71.9,82.1,98.8,65.0,64.3
240,05-28,62.7,82.6,77.3,74.2,62.9,65.9,52.5,60.9,68.2,60.4,64.5,54.9,70.4,45.0,76.6,98.8,96.4,64.2,88.5,68.2,40.2,71.9,59.7,62.9,47.2,74.1,68.1,75.2,63.8,60.2,78.6,73.3,64.5,63.7,56.8,72.1,86.0,59.3,59.6,51.9,57.8,67.9,,40.2,52.7,60.6,72.0,82.2,98.8,65.4,64.5
241,05-29,62.8,82.6,77.3,74.3,63.2,65.9,52.5,61.8,68.3,60.5,64.6,54.9,70.6,45.1,76.6,98.9,96.8,64.5,88.5,68.2,40.3,72.2,59.7,63.9,47.4,74.3,68.1,75.7,63.9,60.3,78.8,73.3,64.7,63.9,56.8,72.1,86.0,59.3,59.6,51.9,57.8,68.6,,40.3,52.7,60.9,72.2,82.2,98.9,65.6,64.7
242,05-30,62.8,82.6,77.4,74.3,63.6,65.9,52.6,62.1,68.4,60.7,65.0,54.9,70.7,45.3,76.6,99.0,96.9,65.4,88.5,68.3,40.3,72.3,59.7,64.1,47.5,74.3,68.1,75.8,63.9,60.3,79.0,73.3,65.5,63.9,56.8,72.1,86.0,59.3,59.6,51.9,57.8,69.4,,40.3,52.8,61.1,72.2,82.2,99.0,65.8,65.4
243,05-31,62.9,82.6,77.5,74.5,63.8,65.9,53.4,62.2,68.4,61.1,65.3,54.9,71.2,45.5,76.7,99.0,97.0,65.6,88.5,68.5,40.3,72.3,59.8,64.1,47.5,74.4,68.2,75.8,63.9,60.3,79.3,73.3,65.5,63.9,56.8,72.1,86.1,59.4,59.7,52.2,57.8,69.5,,40.3,53.6,61.5,72.2,82.3,99.0,65.9,65.6
244,06-01,62.9,82.6,77.8,74.5,64.0,65.9,53.8,63.0,68.4,61.3,65.3,54.9,71.8,45.7,76.7,99.0,97.8,65.7,88.7,68.5,40.3,72.3,59.8,64.1,47.8,74.4,68.2,75.8,64.0,60.7,79.6,73.3,65.5,63.9,56.9,72.1,86.1,59.4,59.7,52.2,57.8,69.6,,40.3,53.9,61.8,72.2,82.3,99.0,66.0,65.6
245,06-02,62.9,82.7,77.9,74.6,64.1,65.9,53.9,63.6,68.4,61.5,65.4,54.9,72.2,45.8,76.7,99.0,97.9,65.7,88.8,68.5,40.5,72.3,59.8,64.2,48.3,74.8,68.2,75.8,64.2,60.9,80.1,73.3,65.5,63.9,57.2,72.1,86.2,59.4,59.7,52.2,57.8,69.6,,40.5,54.0,61.9,72.3,82.4,99.0,66.0,65.6
246,06-03,62.9,82.8,78.0,74.6,64.2,66.0,53.9,64.1,68.4,61.7,65.4,54.9,72.4,45.9,76.7,99.0,98.0,65.8,88.8,68.5,40.9,72.3,59.8,64.2,48.3,75.7,68.3,75.9,64.2,63.0,80.2,73.6,65.5,63.9,57.4,72.1,86.2,59.4,59.7,52.2,57.8,69.6,,40.9,54.0,62.9,72.4,82.6,99.0,66.2,65.7
247,06-04,63.1,82.9,78.0,74.8,64.3,66.0,53.9,64.5,68.5,62.1,65.5,54.9,72.6,45.9,76.8,99.0,98.6,65.9,88.9,68.5,41.2,72.3,59.8,64.2,48.3,75.8,68.3,76.9,64.4,63.8,80.3,73.8,65.5,63.9,57.4,72.1,86.2,59.4,59.7,52.2,57.8,69.9,,41.2,54.0,63.3,72.5,82.6,99.0,66.3,65.7
248,06-05,63.2,83.1,78.0,75.9,64.4,66.0,53.9,64.6,68.5,62.2,65.5,54.9,73.0,46.0,77.1,99.0,98.8,65.9,88.9,68.5,41.3,72.3,59.8,64.2,48.4,76.3,68.7,77.1,64.5,64.6,80.3,74.8,65.5,63.9,57.4,72.1,86.2,59.4,59.7,52.3,57.8,70.5,,41.3,54.0,63.4,72.8,82.8,99.0,66.4,65.7
249,06-06,63.6,83.3,78.1,76.4,64.8,66.1,53.9,64.7,68.5,62.5,65.5,54.9,73.4,46.5,77.6,99.0,98.8,65.9,89.1,68.5,41.6,72.3,59.8,64.5,48.9,76.4,69.4,77.4,64.6,64.6,80.5,75.2,65.5,63.9,57.4,72.1,86.2,59.4,59.7,52.3,57.9,71.1,,41.6,54.0,63.7,73.1,83.0,99.0,66.5,65.7
250,06-07,63.8,83.4,78.1,77.5,66.1,66.1,53.9,65.0,68.5,63.2,65.5,54.9,73.7,47.1,78.4,99.0,98.8,65.9,89.3,68.6,41.7,72.4,59.8,65.1,49.3,76.4,69.7,77.9,64.7,65.2,80.7,75.2,65.5,63.9,57.4,72.1,86.2,59.4,59.8,52.7,58.0,71.2,,41.7,54.0,63.9,73.3,83.1,99.0,66.6,66.0
251,06-08,65.5,83.4,78.2,78.1,66.9,66.1,54.0,65.2,68.5,63.4,65.5,54.9,73.9,47.4,78.5,99.0,98.9,66.1,89.4,68.8,41.7,72.4,59.8,65.4,49.4,76.4,69.7,78.0,64.7,65.3,80.7,75.8,65.5,63.9,57.4,72.1,86.2,59.4,60.2,53.2,58.0,71.3,,41.7,54.1,64.1,73.4,83.2,99.0,66.7,66.1
252,06-09,67.0,83.5,78.2,78.2,67.0,66.1,54.1,65.3,68.5,63.6,65.6,54.9,73.9,47.6,78.6,99.0,98.9,66.2,89.5,69.0,41.7,72.5,59.8,65.9,49.5,76.4,69.7,78.0,64.7,65.4,80.7,76.3,65.5,63.9,57.4,72.1,87.0,59.8,60.2,53.4,58.2,71.3,,41.7,54.2,64.1,73.5,83.2,99.0,66.8,66.6
253,06-10,67.3,83.5,78.5,78.4,67.0,66.1,54.1,65.4,68.5,63.8,65.6,55.0,74.3,47.7,78.7,99.0,98.9,66.3,89.5,69.4,41.8,72.5,59.8,66.4,49.5,76.4,70.0,78.3,64.7,66.2,80.7,76.3,65.5,63.9,57.4,72.2,87.4,60.4,60.2,53.8,58.3,71.5,,41.8,54.2,64.1,73.7,83.2,99.0,67.1,66.7
254,06-11,67.6,83.5,79.1,78.5,67.0,66.1,54.1,65.5,68.5,64.1,65.7,55.0,74.3,47.8,78.8,99.0,98.9,66.6,89.5,69.7,41.8,72.5,59.8,66.5,49.6,76.4,70.1,78.4,65.0,66.6,80.7,76.3,65.5,63.9,57.4,72.6,87.7,60.7,60.2,53.8,58.3,72.4,,41.8,54.2,64.3,73.8,83.3,99.0,67.2,66.8
255,06-12,67.8,83.9,79.2,78.5,67.0,66.1,54.1,65.5,68.5,64.2,65.7,55.1,74.7,47.9,78.9,99.0,99.0,66.6,89.5,70.4,42.4,72.5,59.8,66.6,49.8,76.5,70.1,78.4,65.2,66.6,80.7,76.4,65.6,63.9,57.4,72.7,87.8,60.8,60.2,53.9,58.7,73.6,,42.4,54.2,64.5,74.4,83.6,99.0,67.3,66.8
256,06-13,68.1,84.2,79.3,78.6,67.0,66.1,54.1,65.6,68.6,64.8,65.8,55.3,74.9,47.9,79.0,99.0,99.1,66.6,89.5,71.2,42.5,72.5,59.8,66.6,49.9,76.9,70.1,78.4,65.4,66.6,80.9,76.4,65.6,64.2,57.4,72.7,88.0,60.8,60.2,54.1,58.8,74.4,,42.5,54.3,65.0,74.8,83.9,99.1,67.4,66.8
257,06-14,68.4,84.2,79.3,78.6,67.0,66.1,54.1,65.6,68.6,65.1,65.9,55.6,75.0,48.3,79.1,99.0,99.1,66.7,89.5,71.4,42.6,72.6,59.8,66.7,49.9,77.1,70.2,78.4,65.4,66.6,80.9,76.4,65.8,64.9,57.4,72.8,88.0,60.8,60.2,54.7,59.1,74.8,,42.6,54.8,65.2,74.9,83.9,99.1,67.5,66.8
258,06-15,68.6,84.3,79.4,78.6,67.0,66.2,54.2,65.6,68.9,65.1,65.9,55.7,75.2,48.7,79.8,99.0,99.1,66.7,89.6,71.4,42.6,72.6,59.8,66.7,49.9,77.3,70.2,78.4,65.4,66.7,80.9,76.4,65.8,64.9,57.4,73.4,88.1,60.8,60.2,54.9,59.2,74.9,,42.6,55.0,65.2,75.1,84.0,99.1,67.6,66.8
259,06-16,68.8,84.4,79.5,78.7,67.0,66.2,54.2,65.6,69.0,65.1,66.0,55.8,75.2,49.0,80.1,99.0,99.1,66.8,89.6,71.5,42.6,72.6,59.8,66.7,50.0,77.4,70.2,78.4,65.4,66.8,81.0,76.4,65.8,65.0,57.4,73.5,88.5,60.8,60.2,55.9,59.2,75.0,,42.6,55.9,65.2,75.1,84.1,99.1,67.7,66.9
260,06-17,68.9,84.5,79.6,78.7,67.0,66.2,54.2,65.6,69.0,65.2,66.0,55.9,75.3,49.1,80.2,99.1,99.2,66.8,89.6,71.5,42.6,72.6,59.9,66.7,50.5,77.5,70.2,78.4,65.5,67.1,81.0,76.4,65.8,65.5,57.4,73.7,88.5,60.8,60.2,56.2,59.3,75.0,,42.6,55.9,65.5,75.2,84.1,99.2,67.9,67.1
261,06-18,69.2,84.5,80.0,78.7,67.0,66.5,54.2,65.6,69.0,65.2,66.0,55.9,75.3,49.1,80.5,99.3,99.2,66.8,89.6,71.5,42.6,73.3,59.9,66.8,50.6,77.5,70.2,78.4,65.5,67.2,81.1,76.5,65.8,65.5,57.4,73.8,88.5,60.9,60.2,56.2,59.3,75.3,,42.6,55.9,65.5,75.3,84.2,99.3,67.9,67.1
262,06-19,69.4,84.6,80.3,78.7,67.0,66.7,54.2,65.6,69.0,65.3,66.1,56.0,75.4,49.2,80.8,99.4,99.2,66.9,89.6,71.5,42.6,73.6,59.9,66.8,50.7,77.5,70.2,78.4,65.5,67.2,81.3,76.8,66.2,65.5,57.4,74.1,88.5,60.9,60.2,56.2,59.3,75.4,,42.6,56.0,65.5,75.4,84.3,99.4,68.0,67.1
263,06-20,69.5,84.6,80.6,78.8,67.0,66.7,54.3,65.6,69.4,65.3,66.4,56.0,75.4,49.3,81.2,99.5,99.2,66.9,89.6,71.5,42.6,73.6,59.9,66.8,50.8,77.5,70.2,78.4,65.7,67.2,81.3,76.8,66.5,65.5,57.4,74.1,88.5,60.9,60.3,56.2,59.3,75.5,,42.6,56.0,65.6,75.4,84.3,99.5,68.1,67.1
264,06-21,69.5,84.8,80.8,79.6,67.0,66.8,54.4,65.6,69.4,65.4,66.9,56.1,75.4,49.4,81.3,99.5,99.2,67.0,89.7,71.5,42.6,73.6,60.0,66.8,50.8,77.5,70.2,78.4,65.8,67.2,81.3,76.8,66.6,65.5,57.4,74.1,88.5,61.0,60.4,56.3,59.3,75.5,,42.6,56.1,65.6,75.5,84.4,99.5,68.1,67.1
265,06-22,69.6,84.8,80.9,79.8,67.0,66.8,54.7,65.6,69.4,65.4,67.1,56.1,75.8,49.5,81.4,99.5,99.6,67.1,89.8,71.5,42.6,73.6,60.1,66.8,50.8,77.5,70.2,78.4,65.9,67.3,81.3,76.8,66.6,65.6,57.4,74.2,88.5,61.0,60.4,56.3,59.3,75.5,,42.6,56.1,65.6,75.7,84.5,99.6,68.2,67.2
266,06-23,69.6,84.9,80.9,79.8,67.1,66.8,54.7,65.6,69.4,65.5,67.1,56.1,76.2,49.5,81.5,99.5,99.8,67.1,89.9,71.5,42.6,73.6,60.2,66.8,50.8,77.5,70.3,78.4,65.9,67.3,81.3,77.4,66.7,65.6,57.4,74.2,88.6,61.0,60.4,56.3,59.3,75.5,,42.6,56.1,65.6,76.0,84.6,99.8,68.3,67.2
267,06-24,69.7,85.0,81.0,79.9,67.1,66.8,54.7,65.6,69.4,65.5,67.2,56.1,76.3,49.5,81.5,100.1,99.9,67.2,89.9,71.5,42.6,73.6,60.2,66.8,50.9,77.5,70.3,78.4,65.9,67.3,81.4,78.0,66.9,65.6,57.4,74.4,88.6,61.0,60.4,56.3,59.3,75.5,,42.6,56.2,65.6,76.0,84.7,100.1,68.4,67.2
268,06-25,69.7,85.1,81.1,79.9,67.1,66.8,54.7,65.6,69.4,65.5,67.2,56.1,76.3,49.5,81.5,100.4,100.0,67.4,90.4,71.6,43.0,73.6,60.2,66.8,50.9,77.5,70.3,78.4,65.9,67.3,81.4,78.1,67.2,65.6,57.4,74.4,88.6,61.0,60.4,56.3,59.3,75.5,,43.0,56.2,65.6,76.1,84.7,100.4,68.4,67.3
269,06-26,69.7,85.1,81.1,79.9,67.1,66.8,54.7,65.7,69.5,65.5,67.2,56.1,76.3,49.6,81.5,100.5,100.0,67.8,90.5,71.6,43.1,73.6,60.2,66.8,50.9,77.5,70.3,78.4,65.9,67.3,81.4,78.4,67.7,65.9,57.4,74.4,88.6,61.0,60.4,56.3,59.3,75.5,,43.1,56.2,65.7,76.1,84.8,100.5,68.5,67.7
270,06-27,69.8,85.6,81.2,80.0,67.1,66.8,54.7,65.7,69.5,65.5,67.2,56.2,76.4,49.6,81.6,100.7,100.0,67.9,90.5,71.6,43.4,73.6,60.2,66.8,50.9,77.6,70.4,78.4,65.9,67.3,81.4,78.5,67.7,66.1,57.5,74.4,88.7,61.0,60.8,56.3,59.3,75.5,,43.4,56.2,65.7,76.1,85.2,100.7,68.6,67.8
271,06-28,69.8,85.7,81.2,80.0,67.1,66.8,54.7,65.7,69.5,65.5,67.5,56.2,76.4,49.6,81.6,100.9,100.0,68.0,90.6,71.6,43.8,73.6,60.2,66.8,51.1,77.6,70.4,78.4,65.9,67.3,81.4,78.5,67.8,66.6,57.5,74.4,88.7,61.0,61.0,56.4,59.3,75.5,,43.8,56.2,65.8,76.1,85.3,100.9,68.6,67.9
272,06-29,69.8,86.0,81.2,80.2,67.1,66.8,54.7,65.9,69.5,65.5,67.7,56.3,76.4,49.6,81.6,101.0,100.2,68.1,90.6,71.6,43.8,74.0,60.2,66.8,51.1,77.6,70.5,78.4,65.9,67.3,81.6,78.5,67.8,66.6,57.5,74.4,88.7,61.0,61.0,56.7,59.3,75.5,,43.8,56.3,65.9,76.2,85.6,101.0,68.6,67.9
273,06-30,69.8,86.2,81.3,80.3,67.1,66.9,54.7,66.0,69.7,65.5,67.7,56.6,76.5,49.6,81.6,101.0,100.5,68.2,90.6,71.6,43.8,74.3,60.2,66.8,51.1,77.7,70.6,78.5,65.9,67.3,81.7,78.5,67.8,66.6,57.5,74.4,88.7,61.0,61.1,56.8,59.3,75.5,,43.8,56.6,66.0,76.2,85.8,101.0,68.7,68.0
274,07-01,69.8,86.3,81.6,80.4,67.1,66.9,54.7,66.1,69.8,65.5,67.7,56.7,76.5,49.6,81.6,101.0,101.0,68.2,90.6,71.6,43.8,74.3,60.2,66.8,51.1,77.8,70.6,78.5,65.9,67.3,81.7,78.6,67.7,66.6,57.5,74.4,88.7,61.0,61.1,56.8,59.3,75.5,,43.8,56.7,66.0,76.2,85.8,101.0,68.7,68.0
275,07-02,69.9,86.3,82.6,80.4,67.1,66.9,54.7,66.1,69.8,65.5,67.8,56.8,76.5,49.7,81.7,101.0,101.2,68.2,90.7,71.6,43.8,74.3,60.2,66.8,51.1,77.8,70.6,78.5,65.9,67.3,81.7,78.6,67.7,66.6,57.5,74.4,88.7,61.0,61.1,56.8,59.3,75.5,,43.8,56.8,66.0,76.2,85.9,101.2,68.7,68.0
276,07-03,69.9,86.7,82.9,80.4,67.1,66.9,54.8,66.2,69.9,65.7,67.9,56.8,76.6,49.7,81.8,101.0,101.3,68.2,90.7,71.6,43.9,74.4,60.2,66.9,51.2,77.8,70.7,78.5,65.9,67.5,81.7,78.6,67.8,66.6,57.5,74.4,88.7,61.0,61.1,56.8,59.3,75.5,,43.9,56.8,66.0,76.3,86.4,101.3,68.8,68.1
277,07-04,70.1,86.8,83.0,80.4,67.1,67.3,54.8,66.2,69.9,65.7,68.0,57.0,76.6,49.7,81.9,101.0,101.3,68.3,90.8,71.6,43.9,74.4,60.2,66.9,51.2,77.9,70.7,78.5,65.9,67.5,81.7,78.7,67.8,66.6,57.5,74.5,88.7,61.0,61.1,56.8,59.3,75.5,,43.9,56.8,66.0,76.3,86.4,101.3,68.8,68.1
278,07-05,70.1,86.9,83.0,80.4,67.1,67.8,54.9,66.2,69.9,65.8,68.0,57.4,76.6,49.8,81.9,101.0,101.3,68.3,90.9,71.6,43.9,74.4,60.2,66.9,51.2,77.9,70.7,78.6,65.9,67.5,81.7,78.7,67.8,66.6,57.5,74.5,88.7,61.0,61.1,56.8,59.3,75.5,,43.9,56.9,66.0,76.3,86.5,101.3,68.8,68.1
279,07-06,70.2,86.9,83.1,80.4,67.1,67.9,54.9,66.3,70.0,66.0,68.0,57.6,76.6,49.8,81.9,101.0,101.4,68.3,90.9,71.7,43.9,74.4,60.2,66.9,51.2,77.9,70.7,78.6,65.9,67.5,81.7,78.7,67.8,66.6,57.5,74.5,88.7,61.0,61.1,56.8,59.3,75.9,,43.9,56.9,66.1,76.4,86.5,101.4,68.8,68.2
280,07-07,70.4,86.9,83.1,80.4,67.1,67.9,54.9,66.3,70.0,66.1,68.0,57.7,76.6,49.9,82.1,101.0,101.4,68.4,90.9,71.8,43.9,74.4,60.2,66.9,51.2,77.9,70.7,78.6,65.9,67.5,81.7,78.7,67.8,66.6,57.5,74.5,88.7,61.0,61.1,56.8,59.3,75.9,,43.9,56.9,66.1,76.4,86.5,101.4,68.8,68.2
281,07-08,70.5,87.0,83.3,80.4,67.1,67.9,54.9,66.4,70.0,66.1,68.0,57.7,76.6,49.9,82.3,101.0,101.4,68.4,90.9,71.8,43.9,74.4,60.2,66.9,51.2,77.9,70.7,78.6,65.9,67.5,81.8,78.7,67.8,66.6,57.5,74.6,88.7,61.0,61.1,56.8,59.3,75.9,,43.9,56.9,66.2,76.4,86.6,101.4,68.8,68.2
282,07-09,70.5,87.0,83.4,80.4,67.1,67.9,54.9,66.4,70.0,66.1,68.0,57.7,76.7,49.9,82.6,101.0,101.6,68.4,90.9,71.8,43.9,74.4,60.2,66.9,51.4,77.9,70.7,78.6,65.9,67.5,81.8,78.7,67.8,66.6,57.6,75.1,88.7,61.0,61.1,56.8,59.3,75.9,,43.9,56.9,66.2,76.4,86.6,101.6,68.8,68.2
283,07-10,70.5,87.0,83.5,80.4,67.1,67.9,54.9,66.4,70.0,66.2,68.1,57.7,76.7,49.9,83.5,101.0,101.9,68.4,90.9,71.9,43.9,74.5,60.2,66.9,51.5,77.9,70.7,78.6,65.9,67.5,81.8,78.7,67.8,66.6,57.6,75.3,88.7,61.0,61.2,56.8,59.3,75.9,,43.9,56.9,66.2,76.4,86.7,101.9,68.9,68.2
284,07-11,70.5,87.1,83.5,80.4,67.1,68.0,54.9,66.4,70.1,66.2,68.1,57.7,76.7,49.9,83.7,101.0,102.0,68.4,90.9,71.9,43.9,74.5,60.2,66.9,51.5,77.9,70.7,78.6,66.0,67.5,81.8,78.7,67.8,66.6,57.8,75.6,88.7,61.0,61.2,56.8,59.3,75.9,,43.9,56.9,66.3,76.4,86.7,102.0,68.9,68.3
285,07-12,70.6,87.1,83.6,80.4,67.1,68.1,54.9,66.4,70.1,66.2,68.1,57.7,76.7,49.9,83.7,101.0,102.0,68.4,90.9,71.9,43.9,74.5,60.2,66.9,51.5,77.9,70.7,78.6,66.0,67.5,81.8,78.7,67.8,66.6,57.8,75.6,88.7,61.0,61.2,56.8,59.3,75.9,,43.9,56.9,66.3,76.5,86.7,102.0,68.9,68.3
286,07-13,70.6,87.1,83.6,80.4,67.1,68.1,54.9,66.6,70.1,66.2,68.2,57.7,76.7,50.0,83.7,101.0,102.0,68.5,90.9,71.9,44.0,74.5,60.2,66.9,51.5,78.0,70.7,78.6,66.1,67.5,82.0,78.7,67.8,66.6,57.9,75.6,88.7,61.0,61.2,56.8,59.3,75.9,,44.0,56.9,66.3,76.5,86.8,102.0,68.9,68.3
287,07-14,70.6,87.1,83.8,80.5,67.1,68.1,55.0,66.6,70.1,66.2,68.2,57.8,76.8,50.0,83.7,101.0,102.0,68.5,90.9,71.9,44.0,74.5,60.2,66.9,51.5,78.0,70.7,78.6,66.1,67.5,82.1,78.7,67.8,66.6,57.9,75.6,88.7,61.0,61.2,56.8,59.3,75.9,,44.0,56.9,66.3,76.6,86.8,102.0,68.9,68.3
288,07-15,70.6,87.1,84.0,80.5,67.1,68.1,55.0,66.6,70.1,66.2,68.2,57.8,76.9,50.0,83.8,101.1,102.1,68.5,90.9,71.9,44.0,74.5,60.2,66.9,51.6,78.0,70.7,78.6,66.1,67.5,82.1,78.7,67.8,66.6,57.9,75.6,88.7,61.0,61.2,56.8,59.3,75.9,,44.0,56.9,66.3,76.6,86.8,102.1,68.9,68.3
289,07-16,70.6,87.2,84.0,80.5,67.1,68.2,55.1,66.6,70.1,66.2,68.2,57.8,77.0,50.0,83.8,101.1,102.1,68.5,91.0,71.9,44.0,74.5,60.2,66.9,51.6,78.0,70.7,78.6,66.1,67.5,82.1,78.8,67.8,66.6,57.9,75.6,88.7,61.0,61.2,56.8,59.3,75.9,,44.0,56.9,66.3,76.7,86.9,102.1,68.9,68.4
290,07-17,70.7,87.2,84.2,80.5,67.1,68.3,55.1,66.6,70.5,66.2,68.4,57.8,77.1,50.0,83.8,101.1,102.1,68.5,91.0,71.9,44.0,74.5,60.2,66.9,51.6,78.0,70.7,78.6,66.1,67.5,82.2,78.8,67.8,66.6,57.9,75.6,88.7,61.0,61.2,56.8,59.3,75.9,,44.0,56.9,66.4,76.7,86.9,102.1,69.0,68.5
291,07-18,70.7,87.2,84.5,80.5,67.1,68.3,56.2,66.6,70.5,66.2,68.5,57.8,77.2,50.0,83.9,101.4,102.1,68.5,91.0,71.9,44.0,74.5,60.2,66.9,51.6,78.0,70.8,78.6,66.1,67.6,82.4,78.8,67.8,66.7,57.9,75.6,88.7,61.0,61.3,56.8,59.3,75.9,,44.0,56.9,66.4,76.8,86.9,102.1,69.0,68.5
292,07-19,70.7,87.2,84.8,80.5,67.1,68.3,56.8,66.6,70.5,66.2,68.5,57.9,77.2,50.0,84.0,101.5,102.1,68.5,91.0,72.0,44.1,74.5,60.2,66.9,51.6,78.0,71.2,78.6,66.1,67.6,82.7,78.9,67.8,66.7,57.9,75.6,88.7,61.0,61.3,56.8,59.3,75.9,,44.1,56.9,66.4,76.8,87.0,102.1,69.0,68.5
293,07-20,70.7,87.2,84.9,80.5,67.1,68.3,57.0,66.6,70.5,66.2,68.6,57.9,77.3,50.0,84.0,101.5,102.1,68.5,91.0,72.0,44.1,74.5,60.2,66.9,51.6,78.0,71.3,78.6,66.1,67.6,83.2,78.9,67.8,66.7,57.9,75.6,88.7,61.0,61.3,56.9,57.4,75.9,,44.1,57.0,66.4,76.9,87.0,102.1,69.0,68.5
294,07-21,70.7,87.2,85.0,80.5,67.1,68.3,57.1,66.6,70.5,66.3,68.6,58.0,77.5,50.0,84.0,101.5,102.1,68.5,91.1,72.0,44.1,74.5,60.2,66.9,51.6,78.0,71.3,78.6,66.1,67.6,83.2,78.9,67.8,66.8,57.9,75.6,88.7,61.0,61.3,56.9,57.4,75.9,,44.1,57.2,66.4,77.0,87.0,102.1,69.0,68.5
295,07-22,70.7,87.2,85.1,80.5,67.1,68.3,57.8,66.6,70.6,66.3,68.6,58.0,77.9,50.0,84.0,101.5,102.2,68.5,91.2,72.0,44.1,74.5,60.2,66.9,51.6,78.0,71.3,78.6,66.1,67.6,83.2,78.9,67.8,66.8,57.9,75.6,88.7,61.0,61.3,56.9,57.4,75.9,,44.1,57.4,66.4,77.3,87.0,102.2,69.0,68.5
296,07-23,70.7,87.3,85.1,80.5,67.1,68.3,57.9,66.6,70.6,66.3,68.6,58.1,78.5,50.0,84.0,101.5,102.2,68.5,91.2,72.0,44.1,74.6,60.2,66.9,51.6,78.0,71.3,78.7,66.1,67.6,83.2,78.9,67.8,66.9,57.9,75.6,88.7,61.0,61.3,56.9,57.4,75.9,,44.1,57.5,66.4,77.4,87.1,102.2,69.1,68.6
297,07-24,70.7,87.3,85.2,80.6,67.1,68.3,58.0,66.6,70.6,66.3,68.6,58.1,78.5,50.1,84.1,101.5,102.2,68.6,91.2,72.0,44.1,74.6,60.2,66.9,51.6,78.0,71.3,78.7,66.1,67.6,83.2,78.9,67.8,67.5,58.0,75.6,88.7,61.0,61.3,56.9,57.4,75.9,,44.1,57.5,66.4,77.4,87.1,102.2,69.2,68.6
298,07-25,70.7,87.3,85.3,80.6,67.1,68.3,58.1,66.6,70.6,66.3,68.7,58.2,78.6,50.1,84.1,101.5,102.2,68.6,91.2,72.0,44.1,74.6,60.2,66.9,51.6,78.1,71.3,78.7,66.1,67.6,83.2,78.9,67.8,67.5,58.0,75.6,88.7,61.0,61.3,56.9,57.4,75.9,,44.1,57.5,66.4,77.4,87.1,102.2,69.2,68.6
299,07-26,70.7,87.3,85.4,80.6,67.1,68.3,58.1,66.6,70.6,66.4,68.7,58.2,78.6,50.1,84.1,101.5,102.2,68.6,91.2,72.0,44.1,74.6,60.2,66.9,51.6,78.1,71.3,78.7,66.1,67.6,83.2,78.9,67.8,67.5,58.0,75.6,88.7,61.0,61.3,56.9,57.4,75.9,,44.1,57.5,66.4,77.4,87.1,102.2,69.2,68.6
300,07-27,70.7,87.3,85.5,80.6,67.1,68.3,58.1,66.7,70.6,66.4,68.7,58.2,78.7,50.1,84.1,101.5,102.2,68.6,91.2,72.0,44.1,74.6,60.2,66.9,51.6,78.1,71.3,78.7,66.1,67.6,83.2,78.9,67.8,67.5,58.0,75.6,88.7,61.0,61.3,56.9,57.4,75.9,,44.1,57.5,66.5,77.4,87.1,102.2,69.2,68.7
301,07-28,70.7,87.3,85.5,80.6,67.1,68.3,58.1,66.7,70.6,66.4,68.7,58.2,78.7,50.1,84.1,101.5,102.2,68.6,91.2,72.0,44.1,74.6,60.2,66.9,51.6,78.1,71.3,78.7,66.1,67.6,83.2,79.0,67.9,67.5,58.0,75.6,88.7,61.0,61.3,56.9,57.4,75.9,,44.1,57.5,66.5,77.4,87.1,102.2,69.2,68.7
302,07-29,70.7,87.3,85.6,80.6,67.1,68.3,58.1,66.7,70.6,66.4,68.7,58.2,78.8,50.1,84.1,101.5,102.2,68.7,91.2,72.0,44.2,74.6,60.2,66.9,51.6,78.1,71.3,78.7,66.1,67.6,83.2,79.0,67.9,67.5,58.0,75.6,88.7,61.0,61.3,56.9,57.4,76.0,,44.2,57.5,66.5,77.5,87.1,102.2,69.2,68.7
303,07-30,70.7,87.3,85.6,80.6,67.1,68.3,58.1,66.7,70.7,66.4,68.8,58.2,78.8,50.1,84.1,101.5,102.2,68.7,91.2,72.0,44.4,74.6,60.2,66.9,51.6,78.1,71.3,78.7,66.1,67.6,83.2,79.0,67.9,67.5,58.0,75.6,88.7,61.0,61.3,56.9,57.4,76.0,,44.4,57.5,66.5,77.5,87.1,102.2,69.2,68.8
304,07-31,70.7,87.4,85.6,80.6,67.2,68.3,58.1,66.7,70.7,66.4,68.8,58.2,78.8,50.1,84.1,101.6,102.2,68.8,91.2,72.0,44.6,74.6,60.2,66.9,51.6,78.1,71.3,78.7,66.1,67.6,83.2,79.0,67.9,67.5,58.0,75.6,88.7,61.0,61.3,56.9,57.4,76.0,,44.6,57.5,66.5,77.5,87.3,102.2,69.2,68.8
305,08-01,70.8,87.4,85.6,80.6,67.6,68.3,58.1,66.7,70.8,66.4,68.8,58.2,78.8,50.1,84.1,101.6,102.2,68.8,91.2,72.0,44.6,74.6,60.2,66.9,51.6,78.1,71.3,78.7,66.1,67.6,83.2,79.0,67.9,67.5,58.0,75.6,88.7,61.0,61.3,56.9,59.3,76.0,,44.6,58.0,66.5,77.5,87.3,102.2,69.2,68.8
306,08-02,70.8,87.5,85.6,80.6,67.7,68.3,58.1,66.7,71.1,66.4,68.8,58.2,78.8,50.1,84.1,101.6,102.2,68.8,91.2,72.0,44.6,74.6,60.3,66.9,51.6,78.1,71.3,78.7,66.1,67.6,83.2,79.0,67.9,67.5,58.0,75.6,88.7,61.0,61.3,56.9,57.4,76.1,,44.6,57.5,66.5,77.5,87.3,102.2,69.2,68.8
307,08-03,70.8,87.5,85.7,80.6,67.7,68.3,58.1,66.7,71.3,66.4,68.8,58.2,78.8,50.1,84.1,101.8,102.2,68.8,91.2,72.0,44.6,74.6,60.3,66.9,51.6,78.2,71.4,78.7,66.1,67.6,83.2,79.0,67.9,67.5,58.0,75.6,88.7,61.1,61.3,56.9,57.4,76.1,,44.6,57.5,66.5,77.5,87.3,102.2,69.2,68.8
308,08-04,70.8,87.5,85.7,80.6,67.8,68.3,58.1,66.7,71.3,66.4,68.8,58.2,78.8,50.1,84.1,101.8,102.2,68.9,91.3,72.0,44.6,74.6,60.3,66.9,51.6,78.2,71.4,78.7,66.2,67.6,83.2,79.0,67.9,67.5,58.0,75.6,88.7,61.1,61.3,56.9,57.4,76.1,,44.6,57.5,66.5,77.5,87.3,102.2,69.2,68.8
309,08-05,70.8,87.5,85.7,80.6,67.8,68.3,58.1,66.7,71.3,66.4,68.8,58.2,78.9,50.2,84.1,101.8,102.3,68.9,91.5,72.0,44.6,74.6,60.3,66.9,51.6,78.2,71.4,78.7,66.2,67.6,83.2,79.0,67.9,67.5,58.0,75.6,88.7,61.1,61.3,56.9,57.4,76.1,,44.6,57.5,66.5,77.6,87.4,102.3,69.2,68.8
310,08-06,70.8,87.6,85.7,80.6,67.8,68.4,58.1,66.7,71.3,66.4,68.8,58.2,78.9,50.2,84.1,101.8,102.3,68.9,91.6,72.0,44.6,74.6,60.4,67.0,51.6,78.2,71.4,78.7,66.3,67.6,83.2,79.0,67.9,67.6,58.0,75.6,88.7,61.1,61.3,56.9,57.5,76.1,,44.6,57.5,66.5,77.6,87.4,102.3,69.3,68.8
311,08-07,70.8,87.6,85.7,80.6,67.8,68.4,58.1,66.7,71.3,66.4,68.9,58.3,79.0,50.2,84.3,101.8,102.3,68.9,91.9,72.0,44.6,74.6,60.6,67.1,51.6,78.2,71.4,78.8,66.5,67.6,83.2,79.0,67.9,67.6,58.0,75.6,88.7,61.1,61.3,56.9,57.5,76.1,,44.6,57.5,66.6,77.6,87.4,102.3,69.3,68.9
312,08-08,70.8,87.6,85.8,80.6,68.1,68.4,58.2,66.7,71.3,66.4,68.9,58.3,79.0,50.2,84.4,101.8,102.3,68.9,92.3,72.0,44.6,74.6,60.6,67.1,51.6,78.2,71.4,78.8,66.6,67.6,83.2,79.0,68.0,67.6,58.0,75.6,88.7,61.1,61.3,56.9,57.5,76.1,,44.6,57.5,66.6,77.6,87.4,102.3,69.3,68.9
313,08-09,70.8,87.6,85.8,80.6,68.2,68.4,58.2,66.7,71.7,66.4,68.9,58.4,79.0,50.2,84.5,101.9,102.3,68.9,92.5,72.0,44.6,74.6,60.7,67.1,51.6,78.2,71.4,78.8,66.6,67.6,83.2,79.0,68.0,67.6,58.0,75.7,88.7,61.1,61.3,56.9,57.5,76.1,,44.6,57.6,66.6,77.6,87.4,102.3,69.3,68.9
314,08-10,70.8,87.7,85.8,80.6,68.2,68.4,58.2,66.7,71.7,66.5,69.1,58.4,79.0,50.2,84.6,101.9,102.3,68.9,92.6,72.0,44.6,74.6,60.7,67.1,51.6,78.2,71.4,78.8,66.6,67.6,83.2,79.0,68.3,67.6,58.0,75.8,88.8,61.1,61.5,56.9,57.5,76.1,,44.6,57.6,66.6,77.6,87.5,102.3,69.4,69.0
315,08-11,70.8,87.8,85.8,80.6,68.2,68.4,58.2,66.7,71.8,66.5,69.1,58.4,79.0,50.2,84.7,101.9,102.3,68.9,92.6,72.0,44.6,74.6,60.7,67.1,51.6,78.2,71.4,78.8,66.6,67.6,83.2,79.0,68.6,67.6,58.0,75.8,88.8,61.1,61.6,56.9,57.5,76.1,,44.6,57.5,66.6,77.6,87.6,102.3,69.4,69.0
316,08-12,70.8,87.9,85.8,80.6,68.4,68.4,58.2,66.7,71.8,66.5,69.1,58.4,79.0,50.2,84.8,101.9,102.3,68.9,92.6,72.0,44.6,74.6,60.7,67.1,51.6,78.2,71.4,78.8,66.7,67.6,83.2,79.0,68.6,67.6,58.0,75.8,88.8,61.1,61.7,56.9,57.5,76.1,,44.6,57.5,66.7,77.6,87.7,102.3,69.4,69.0
317,08-13,70.8,87.9,85.8,80.6,68.4,68.4,58.2,66.7,71.8,66.5,69.1,58.4,79.1,50.2,84.8,101.9,102.3,68.9,92.7,72.0,44.6,74.6,60.7,67.1,51.6,78.2,71.5,78.8,66.8,67.6,83.2,79.0,68.6,67.9,58.0,75.8,88.8,61.1,61.7,56.9,57.5,76.1,,44.6,57.5,66.7,77.6,87.7,102.3,69.4,69.0
318,08-14,70.8,87.9,85.9,80.6,68.4,68.4,58.3,66.7,71.8,66.5,69.1,58.4,79.1,50.2,84.8,101.9,102.3,68.9,92.7,72.0,44.6,74.6,60.7,67.1,51.6,78.2,71.5,78.8,66.9,67.6,83.2,79.0,68.6,68.0,58.0,75.8,88.9,61.1,61.7,56.9,57.5,76.1,,44.6,57.5,66.8,77.6,87.7,102.3,69.4,69.0
319,08-15,70.8,88.0,85.9,80.6,68.4,68.4,58.3,66.7,71.8,66.5,69.1,58.4,79.1,50.2,84.8,101.9,102.3,68.9,92.7,72.0,44.6,74.6,60.7,67.2,51.6,78.2,71.5,78.8,66.9,67.6,83.2,79.0,68.6,68.0,58.1,75.8,88.9,61.1,61.7,56.9,57.5,76.1,,44.6,57.5,66.8,77.6,87.8,102.3,69.5,69.0
320,08-16,70.8,88.1,85.9,80.6,68.4,68.4,58.3,66.7,71.8,66.5,69.1,58.4,79.3,50.2,84.8,101.9,102.3,68.9,92.8,72.0,44.6,74.6,60.7,67.2,51.6,78.2,71.5,78.8,66.9,67.6,83.2,79.0,68.6,68.0,58.1,75.8,88.9,61.1,61.7,56.9,57.5,76.1,,44.6,57.5,66.8,77.6,87.8,102.3,69.5,69.0
321,08-17,70.8,88.1,85.9,80.6,68.4,68.4,58.3,66.7,71.8,66.5,69.1,58.4,79.4,50.2,84.9,101.9,102.3,68.9,92.9,72.0,44.6,74.6,60.7,67.2,51.6,78.2,71.5,78.8,66.9,67.6,83.3,79.0,68.6,68.0,58.1,75.8,88.9,61.1,61.7,56.9,57.5,76.1,,44.6,57.5,66.8,77.6,87.8,102.3,69.5,69.0
322,08-18,70.8,88.1,85.9,80.6,68.4,68.4,58.4,66.7,71.9,66.8,69.4,58.4,79.5,50.2,85.1,101.9,102.3,68.9,92.9,72.0,44.6,74.6,60.7,67.2,51.6,78.2,71.5,78.9,66.9,67.7,83.3,79.0,68.6,68.0,58.1,75.8,88.9,61.1,61.7,56.9,57.5,76.1,,44.6,57.6,66.9,77.6,87.9,102.3,69.5,69.1
323,08-19,70.8,88.1,85.9,80.7,68.4,68.4,58.4,66.7,71.9,67.0,69.4,58.4,79.6,50.2,85.3,101.9,102.3,68.9,92.9,72.0,44.6,74.6,60.7,67.2,51.6,78.2,71.5,79.1,66.9,67.7,83.3,79.0,68.6,68.0,58.1,75.8,88.9,61.1,61.7,56.9,57.1,76.1,,44.6,57.2,67.0,77.6,87.9,102.3,69.5,69.2
324,08-20,70.8,88.1,85.9,80.7,68.4,68.4,58.4,66.7,71.9,67.0,69.4,58.4,79.7,50.2,85.4,101.9,102.3,68.9,92.9,72.1,44.6,74.6,60.7,67.2,51.6,78.2,71.9,79.3,66.9,67.7,83.3,79.1,68.6,68.0,58.1,75.8,88.9,61.1,61.7,56.9,57.1,76.1,,44.6,57.2,67.0,77.6,87.9,102.3,69.6,69.2
325,08-21,70.8,88.1,85.9,80.7,68.4,68.4,58.4,66.7,71.9,67.1,69.5,58.5,79.8,50.2,85.4,101.9,102.4,69.0,92.9,72.1,44.6,74.7,60.7,67.3,51.6,78.2,72.3,80.3,66.9,67.7,83.3,79.1,68.6,68.1,58.1,75.8,88.9,61.1,61.7,56.9,57.2,76.1,,44.6,57.3,67.0,77.6,87.9,102.4,69.7,69.2
326,08-22,70.8,88.2,85.9,80.7,68.4,68.4,58.4,66.7,72.2,67.2,69.5,58.5,79.8,50.2,85.4,101.9,102.4,69.0,92.9,72.1,44.7,74.7,60.7,67.4,51.6,78.2,72.3,80.4,66.9,67.8,83.3,79.1,68.6,68.1,58.1,75.8,88.9,61.1,62.0,57.0,57.2,76.1,,44.7,57.3,67.0,77.6,87.9,102.4,69.7,69.2
327,08-23,70.8,88.2,86.0,80.7,68.4,68.4,58.4,66.7,73.3,67.3,69.5,58.5,79.8,50.3,85.4,101.9,102.5,69.0,93.0,72.1,45.1,74.8,60.7,68.8,51.6,78.2,72.3,80.4,66.9,67.8,83.3,79.2,68.9,68.1,58.1,75.8,88.9,61.1,62.1,57.0,57.2,76.1,,45.1,57.3,67.0,77.6,87.9,102.5,69.8,69.2
328,08-24,70.8,88.2,86.1,80.7,68.5,68.4,58.4,66.7,73.5,67.3,69.5,58.6,79.9,50.3,85.4,101.9,102.6,69.0,93.0,72.1,45.3,74.8,60.7,69.2,51.6,78.2,72.3,80.4,66.9,67.8,83.3,79.2,69.0,68.1,58.1,75.8,88.9,61.1,62.1,57.0,57.2,76.1,,45.3,57.3,67.0,77.6,88.0,102.6,69.9,69.3
329,08-25,70.8,88.2,86.1,80.7,68.5,68.4,58.4,66.7,73.5,67.3,69.5,58.6,79.9,50.3,85.4,101.9,103.0,69.0,93.0,72.1,45.4,74.8,60.7,69.5,51.6,78.2,72.3,80.4,66.9,67.8,83.3,79.2,69.0,68.1,58.1,75.8,88.9,61.1,62.1,57.0,57.2,76.1,,45.4,57.3,67.1,77.6,88.0,103.0,69.9,69.5
330,08-26,70.8,88.3,86.3,80.7,68.5,68.4,58.4,66.8,73.6,67.4,69.5,58.6,79.9,50.3,85.4,102.0,103.0,69.0,93.0,72.1,45.4,74.8,60.7,70.6,51.6,78.2,72.3,80.6,67.0,67.8,83.3,79.2,69.4,68.1,58.1,75.8,88.9,61.1,62.1,57.0,57.2,76.1,,45.4,57.3,67.1,77.6,88.1,103.0,70.1,70.1
331,08-27,70.8,88.3,86.4,80.7,68.5,68.4,58.4,66.8,73.6,67.4,69.5,58.6,79.9,50.3,85.4,102.0,103.2,69.0,93.0,72.1,45.4,74.8,60.7,71.0,51.6,78.2,72.3,80.6,67.0,67.9,83.3,79.2,69.5,68.1,58.1,75.8,88.9,61.2,62.1,57.0,57.2,76.1,,45.4,57.3,67.1,77.6,88.1,103.2,70.1,70.2
332,08-28,70.8,88.3,86.4,80.7,68.5,68.4,58.4,66.8,73.6,67.4,69.6,58.6,79.9,50.3,85.4,102.0,103.3,69.0,93.0,72.1,45.4,74.8,60.7,71.0,51.6,78.2,72.3,80.6,67.0,67.9,83.3,79.2,69.5,68.1,58.1,75.8,88.9,61.3,62.1,57.0,57.2,76.1,,45.4,57.3,67.1,77.6,88.1,103.3,70.1,70.2
333,08-29,70.8,88.4,86.6,80.7,68.5,68.5,58.4,66.8,73.7,67.5,69.7,58.6,79.9,50.3,85.5,102.1,103.4,69.0,93.0,72.1,45.4,74.8,60.7,71.1,51.6,78.2,72.3,80.6,67.0,67.9,83.3,79.2,69.5,68.1,58.1,75.8,88.9,61.3,62.1,57.0,57.2,76.1,,45.4,57.3,67.1,77.6,88.2,103.4,70.1,70.3
334,08-30,71.0,88.5,87.0,80.7,68.5,68.5,58.4,66.8,74.1,67.9,69.7,58.6,79.9,50.3,85.5,102.1,103.4,69.0,93.0,72.1,45.4,74.8,60.7,71.1,51.7,78.3,72.3,80.6,67.0,68.0,83.3,79.2,69.5,68.1,58.5,75.8,88.9,61.3,62.1,57.0,57.2,76.1,,45.4,57.3,67.2,77.6,88.3,103.4,70.2,70.3
335,08-31,71.0,88.5,87.2,80.9,68.6,68.6,58.4,66.8,74.2,67.9,69.8,58.6,80.0,50.3,85.5,102.1,103.4,69.0,93.3,72.1,45.4,74.8,60.7,71.1,51.8,78.3,72.3,80.8,67.0,68.2,83.3,79.2,69.5,68.4,59.1,75.9,88.9,61.3,62.2,57.0,57.2,76.1,,45.4,57.3,67.3,77.6,88.4,103.4,70.3,70.4
336,09-01,71.1,88.5,87.5,81.1,68.6,68.6,58.4,66.8,74.2,68.0,69.8,58.6,80.0,50.3,85.5,102.1,103.5,69.1,93.5,72.1,45.4,74.8,60.7,71.1,51.8,78.3,72.3,80.8,67.0,68.3,83.3,79.2,69.5,68.4,59.1,75.9,88.9,61.3,62.2,57.0,59.0,76.1,,45.4,58.4,67.3,77.6,88.4,103.5,70.3,70.4
337,09-02,71.2,88.7,87.6,81.1,68.9,68.6,58.4,66.8,74.2,68.0,69.8,58.6,80.0,50.3,85.6,102.1,103.5,69.1,93.6,72.2,45.4,74.8,60.7,71.2,51.8,78.3,72.3,80.8,67.0,68.5,83.3,79.2,69.5,68.4,59.1,76.0,88.9,61.3,62.2,57.0,57.2,76.1,,45.4,57.3,67.3,77.6,88.6,103.5,70.3,70.5
338,09-03,71.2,88.8,87.6,81.2,68.9,68.6,58.4,66.8,74.2,68.0,69.8,58.7,80.0,50.5,85.6,102.1,103.6,69.1,93.6,72.4,45.4,74.8,60.7,71.3,51.8,78.3,72.3,80.8,67.0,68.5,83.3,79.2,69.6,68.5,59.4,76.1,88.9,61.3,62.2,57.0,57.2,76.2,,45.4,57.3,67.3,77.6,88.6,103.6,70.3,70.5
339,09-04,71.2,88.9,87.6,81.2,68.9,68.6,58.4,66.8,74.2,68.1,69.9,58.7,80.0,50.7,85.6,102.1,103.6,69.1,93.6,72.5,45.4,74.9,60.7,71.3,51.8,78.3,72.4,80.8,67.0,68.5,83.3,79.2,69.6,68.5,59.5,76.1,88.9,61.3,62.2,57.0,57.2,76.2,,45.4,57.3,67.3,77.6,88.8,103.6,70.4,70.5
340,09-05,71.2,89.0,87.7,81.2,69.0,68.6,58.4,66.8,74.2,68.1,69.9,59.2,80.1,50.8,85.6,102.1,103.6,69.1,93.6,72.6,45.4,74.9,60.7,71.3,51.8,78.3,72.6,80.8,67.0,68.6,83.3,79.2,69.6,68.5,59.6,76.2,88.9,61.3,62.2,57.0,57.2,76.2,,45.4,57.3,67.3,77.6,88.8,103.6,70.4,70.5
341,09-06,71.2,89.1,87.7,82.1,69.5,68.6,58.4,66.8,74.2,68.1,69.9,59.3,80.1,50.8,85.6,102.2,103.6,69.1,93.6,72.6,45.4,74.9,60.7,71.3,51.8,78.3,72.6,80.8,67.4,68.6,83.3,79.2,70.2,68.5,59.6,76.2,88.9,61.3,62.2,57.0,57.2,76.2,,45.4,57.3,67.6,77.7,88.8,103.6,70.5,70.7
342,09-07,71.2,89.2,87.7,82.6,69.8,68.6,58.4,66.8,74.2,68.1,69.9,59.4,80.1,50.8,85.7,102.2,103.6,69.1,93.6,72.7,45.4,74.9,60.8,71.3,51.8,78.3,72.6,80.8,67.8,68.6,83.3,79.2,70.5,68.5,59.6,76.4,88.9,61.3,62.3,57.0,57.2,76.6,,45.4,57.3,67.9,77.8,88.8,103.6,70.6,70.9
343,09-08,71.2,89.3,87.7,82.8,70.0,68.6,58.4,66.8,74.3,68.1,70.0,59.4,80.1,50.8,85.7,102.2,103.7,69.1,93.6,72.7,45.4,74.9,61.3,71.3,51.8,78.3,72.6,80.8,67.9,68.9,83.3,79.2,70.5,68.5,59.6,76.4,89.0,61.3,62.4,57.0,57.2,76.6,,45.4,57.3,67.9,77.8,88.9,103.7,70.6,70.9
344,09-09,71.2,89.4,87.8,82.9,70.0,68.8,58.4,66.8,74.3,68.1,70.0,59.5,80.1,50.9,85.7,102.2,103.7,69.1,93.6,72.9,45.4,74.9,61.6,71.3,51.8,78.3,72.6,80.8,67.9,69.1,83.3,79.2,70.5,68.5,59.6,76.4,89.0,61.3,63.0,57.0,57.2,76.6,,45.4,57.3,68.0,77.8,88.9,103.7,70.7,70.9
345,09-10,71.2,89.7,87.9,82.9,70.5,68.9,58.4,66.8,74.3,68.1,70.0,59.5,80.1,51.1,85.7,102.2,103.7,69.1,93.6,72.9,45.4,74.9,62.5,71.3,52.0,78.3,72.6,80.8,67.9,69.4,83.3,79.2,70.5,68.5,59.6,76.5,89.1,61.3,63.4,57.0,57.2,76.6,,45.4,57.3,68.0,77.8,88.9,103.7,70.7,70.9
346,09-11,71.2,89.8,88.1,82.9,70.8,69.0,58.4,66.8,74.3,68.1,70.0,59.5,80.1,51.3,85.7,102.2,103.8,69.1,93.6,73.0,45.4,74.9,62.6,71.4,52.2,78.3,72.6,80.8,67.9,69.4,83.3,79.2,70.5,68.5,59.6,76.5,89.1,61.4,63.6,57.0,57.5,76.6,,45.4,57.6,68.0,77.8,89.0,103.8,70.8,71.0
347,09-12,71.2,90.2,88.2,82.9,70.9,69.0,58.4,66.8,74.3,68.1,70.0,59.5,80.1,51.3,85.8,102.2,104.0,69.1,93.6,73.0,45.4,74.9,62.7,71.7,52.3,78.3,72.6,80.8,67.9,69.4,83.3,79.3,70.5,68.5,59.6,76.5,89.1,61.5,63.6,57.0,57.5,76.6,,45.4,57.6,68.0,77.8,89.0,104.0,70.8,71.1
348,09-13,71.2,90.3,88.2,82.9,71.2,69.0,58.4,66.8,74.3,68.1,70.0,59.5,80.1,51.4,85.8,102.2,104.1,69.1,93.7,73.0,45.4,74.9,62.7,71.8,52.3,78.3,72.6,80.8,67.9,69.4,83.3,79.3,70.5,68.5,59.6,76.5,89.1,61.6,63.6,57.0,57.5,76.6,,45.4,57.6,68.0,77.8,89.0,104.1,70.8,71.2
349,09-14,71.2,90.3,88.2,82.9,71.5,69.1,58.5,66.8,74.3,68.1,70.0,59.5,80.2,51.4,85.8,102.2,104.4,69.2,93.7,73.0,45.4,74.9,62.7,72.7,52.3,78.4,72.7,80.8,67.9,69.4,83.3,79.3,70.5,68.5,59.6,76.5,89.1,61.6,63.6,57.0,57.5,76.6,,45.4,57.6,68.0,77.9,89.0,104.4,70.9,71.4
350,09-15,71.3,90.4,88.3,83.0,71.9,69.3,58.6,66.8,74.3,68.1,70.0,59.6,80.2,51.4,85.8,102.9,104.7,69.2,93.7,73.0,45.4,74.9,62.7,72.9,52.3,78.6,72.7,80.8,67.9,69.4,83.4,79.3,70.5,68.5,59.7,76.5,89.1,61.6,63.6,57.0,57.5,76.7,,45.4,57.6,68.0,78.0,89.0,104.7,70.9,71.6
351,09-16,71.5,91.1,88.3,83.0,72.0,69.6,58.6,66.8,74.3,68.3,70.0,59.7,80.2,51.4,85.8,104.2,105.9,69.2,93.7,73.0,45.4,74.9,62.7,73.3,52.3,78.8,72.7,80.8,67.9,69.5,83.4,79.3,70.7,68.5,59.8,76.5,89.1,61.6,64.4,57.0,57.5,76.7,,45.4,57.7,68.0,78.2,89.0,105.9,71.1,71.8
352,09-17,71.6,91.2,88.3,83.0,72.4,69.9,58.6,66.8,74.4,68.3,70.0,59.7,80.2,51.4,85.8,104.9,106.7,69.2,93.7,73.1,45.5,75.1,63.2,73.4,52.4,78.9,72.7,80.8,67.9,69.6,83.4,79.3,70.8,68.5,59.8,76.5,89.1,61.8,64.6,57.0,57.6,76.7,,45.5,57.7,68.0,78.2,89.0,106.7,71.1,72.0
353,09-18,71.6,91.3,88.3,83.0,72.8,70.4,58.6,66.9,74.4,68.4,70.0,59.7,80.2,51.4,85.8,105.0,107.5,69.2,93.7,73.1,45.5,75.7,63.3,74.1,52.5,79.0,72.8,80.8,67.9,69.9,83.5,79.3,71.2,68.5,60.8,76.9,89.3,61.8,65.5,57.1,57.6,76.9,,45.5,57.7,68.1,78.4,89.2,107.5,71.4,72.2
354,09-19,71.8,91.6,88.5,83.0,72.8,70.6,58.7,67.2,74.5,68.4,70.0,59.7,80.2,51.4,85.8,105.2,107.9,69.7,93.7,73.1,45.5,75.8,63.3,74.6,52.5,79.1,72.8,80.8,67.9,70.5,83.5,79.3,71.3,68.5,60.8,77.1,90.5,61.8,65.9,57.5,59.1,76.9,,45.5,58.7,68.1,78.5,90.3,107.9,71.6,72.3
355,09-20,71.8,92.1,88.5,83.3,72.8,70.8,58.7,67.8,74.5,68.4,70.1,59.7,80.2,51.4,85.8,105.3,108.0,69.9,93.7,73.1,45.5,75.8,63.3,74.9,52.5,79.3,72.8,80.9,68.0,71.7,83.5,79.3,71.3,68.5,60.8,77.2,92.0,61.8,66.0,57.5,59.7,76.9,,45.5,58.8,68.1,78.6,91.6,108.0,71.8,72.3
356,09-21,72.1,92.2,88.5,83.5,72.8,71.0,58.7,67.9,74.5,68.4,70.1,59.7,80.2,51.4,85.8,105.3,108.1,70.0,93.7,73.1,45.5,75.8,63.3,74.9,52.5,79.6,72.8,80.9,68.0,71.8,83.5,79.3,71.4,68.5,60.8,77.2,93.2,61.8,66.0,57.6,59.8,77.0,,45.5,58.8,68.1,78.6,91.8,108.1,71.9,72.4
357,09-22,72.3,92.3,88.5,83.6,72.8,71.1,58.7,67.9,74.5,68.4,70.1,59.8,80.2,51.4,85.8,105.4,108.1,70.0,93.7,73.2,45.5,75.8,63.3,75.0,52.5,79.7,72.8,81.0,68.0,71.8,83.5,79.3,71.7,68.5,60.8,77.5,93.3,61.8,66.0,57.6,59.8,77.1,,45.5,58.8,68.1,78.8,91.9,108.1,72.0,72.6
358,09-23,72.4,92.5,88.6,84.1,72.8,71.1,58.7,67.9,74.5,68.4,70.1,59.8,80.2,51.4,85.8,105.4,108.1,70.0,93.7,73.2,45.5,75.8,63.3,75.0,52.5,79.8,72.8,81.1,68.0,71.8,83.5,79.3,72.4,68.5,60.8,77.6,93.3,61.9,66.4,57.6,59.8,77.1,,45.5,58.8,68.1,78.8,92.1,108.1,72.2,72.6
359,09-24,72.4,92.6,88.6,84.2,72.9,72.3,58.8,67.9,74.5,68.4,70.1,60.5,80.2,51.4,85.8,105.4,108.2,70.0,93.7,73.2,45.5,75.8,63.3,75.0,52.5,79.8,72.8,81.1,68.0,71.8,83.5,79.3,72.7,68.6,60.8,77.7,93.3,61.9,66.4,58.4,61.7,77.1,,45.5,58.9,68.1,78.8,92.2,108.2,72.2,72.7
360,09-25,72.6,92.9,88.6,84.2,72.9,73.0,58.8,67.9,74.5,68.5,70.1,61.7,80.2,51.4,85.8,105.4,108.2,70.1,93.7,73.2,45.5,75.8,63.3,75.0,52.5,79.8,72.8,81.1,68.0,71.9,83.5,79.3,73.7,69.6,60.8,77.7,93.4,61.9,66.4,58.7,59.8,77.1,,45.5,58.9,68.2,78.8,92.5,108.2,72.4,73.0
361,09-26,73.1,93.1,88.6,84.3,72.9,74.3,58.8,68.1,74.5,68.6,70.1,61.8,80.2,51.4,86.0,105.4,108.3,70.6,93.7,73.2,46.1,75.8,63.3,75.0,52.6,79.9,72.8,81.1,68.0,71.9,83.7,79.3,73.9,69.8,60.8,77.7,93.4,61.9,66.4,59.7,59.8,77.1,,46.1,59.7,68.2,78.8,92.7,108.3,72.5,73.2
362,09-27,74.0,93.4,88.7,84.3,72.9,74.7,58.8,68.9,74.6,68.6,70.1,61.9,80.2,51.4,86.3,105.4,108.7,70.7,93.7,73.2,46.3,75.8,63.3,75.0,52.6,79.9,72.8,81.1,68.0,71.9,83.8,79.3,74.0,69.9,60.8,77.7,93.4,62.0,66.5,59.8,59.9,77.1,,46.3,59.8,68.7,78.8,92.9,108.7,72.5,73.6
363,09-28,74.3,93.5,88.7,84.3,72.9,75.0,58.9,69.0,74.6,68.6,70.1,61.9,80.2,51.4,87.0,105.4,108.7,70.8,93.8,73.2,46.3,75.8,63.3,75.0,52.6,79.9,72.8,81.1,68.1,71.9,83.9,79.3,74.5,69.9,60.9,77.7,93.4,62.0,66.8,59.8,60.8,77.1,,46.3,59.9,68.7,78.8,92.9,108.7,72.6,73.7
364,09-29,74.6,93.8,88.7,84.3,72.9,75.1,58.9,69.1,74.7,68.6,70.1,62.0,80.2,51.5,87.8,105.4,108.8,70.8,93.8,73.2,46.3,75.8,63.3,75.0,52.6,79.9,73.4,81.1,68.2,71.9,83.9,79.3,76.7,69.9,60.9,77.8,93.4,62.0,67.3,59.8,61.3,77.2,,46.3,59.9,68.7,78.9,92.9,108.8,72.9,74.0
365,09-30,75.0,94.0,88.7,84.3,72.9,75.4,58.9,69.1,74.7,68.6,70.1,62.0,80.2,51.8,88.2,105.4,108.8,70.8,93.8,73.2,46.4,76.1,63.4,75.1,52.7,79.9,73.5,81.1,68.7,71.9,83.9,79.3,79.7,70.0,60.9,77.8,93.5,62.0,67.3,59.8,61.4,77.5,,46.4,59.9,68.8,79.6,93.0,108.8,73.1,74.1
